Data,Otwarcie,Najwyzszy,Najnizszy,Zamkniecie,Wolumen
2020-01-02,36.9,37.63,36.9,37.37,5361
2020-01-03,37.25,37.36,36.98,37.07,10864
2020-01-07,37.18,37.2,36.62,36.62,14282
2020-01-08,36.46,36.47,36.09,36.09,3909
2020-01-09,36.5,36.89,36.43,36.83,6985
2020-01-10,37.04,37.05,36.82,36.95,2119
2020-01-13,37.16,37.44,37.01,37.44,2553
2020-01-14,37.49,37.49,37.15,37.3,3240
2020-01-15,37.32,37.32,36.89,36.95,7523
2020-01-16,37.1,37.15,36.91,37.09,9601
2020-01-17,36.86,37.23,36.77,37.13,3046
2020-01-20,37.24,37.27,37.13,37.16,2642
2020-01-21,36.93,37.15,36.78,36.9,5289
2020-01-22,37.04,37.04,36.61,36.61,5019
2020-01-23,36.66,36.84,36.54,36.64,2815
2020-01-24,36.69,37,36.69,36.74,4609
2020-01-27,36.41,36.47,35.6,35.6,5987
2020-01-28,35.69,35.94,35.6,35.77,3465
2020-01-29,35.98,36.09,35.7,35.77,9402
2020-01-30,35.29,35.73,35.29,35.46,3438
2020-01-31,35.47,35.5,35.05,35.17,4289
2020-02-03,35.08,35.44,34.87,35.33,6968
2020-02-04,35.53,36.19,35.53,36,7885
2020-02-05,36.04,36.54,36,36.2,12397
2020-02-06,36.55,36.62,36,36,3569
2020-02-07,36.07,36.08,35.81,35.94,2660
2020-02-10,36.18,36.18,35.67,35.67,3419
2020-02-11,36,36.15,35.84,35.92,2791
2020-02-12,36.25,36.44,36.21,36.23,1623
2020-02-13,36.19,36.2,35.88,36.14,3243
2020-02-14,36.37,36.37,36.08,36.12,2650
2020-02-17,36.22,36.27,36.12,36.25,3625
2020-02-18,35.95,36.04,35.88,36,2373
2020-02-19,36.19,36.19,35.8,36.1,2211
2020-02-20,36,36.1,35.8,35.8,3084
2020-02-21,35.69,35.95,35.55,35.55,11000
2020-02-24,35.07,35.07,34.02,34.11,24688
2020-02-25,34.25,34.26,33.17,33.17,24279
2020-02-26,33.15,33.43,32.51,33.04,9404
2020-02-27,32.74,32.95,31.39,32,10982
2020-02-28,30.67,32.5,29.75,32.5,38398
2020-03-02,31.35,31.52,30.2,30.81,20647
2020-03-03,31.29,32.34,31.29,32.21,10691
2020-03-04,31.8,32.3,31.71,31.71,9920
2020-03-05,32.3,32.3,31.1,31.22,29202
2020-03-06,30.81,30.81,29.93,30.07,64067
2020-03-09,28.31,29,27.37,27.8,49987
2020-03-10,28.17,28.24,27.2,27.44,17855
2020-03-11,27.39,27.39,25.51,25.64,48050
2020-03-12,24.42,24.88,22.8,24.88,64611
2020-03-13,22.95,24.7,22.5,23.27,68278
2020-03-16,22.3,23.59,21.22,23.59,57402
2020-03-17,23.82,24.6,23.11,24.4,87371
2020-03-18,23.96,24.91,23.5,24.01,81206
2020-03-19,24.29,25.03,23.9,25.02,51971
2020-03-20,26.08,26.42,25.15,25.35,34266
2020-03-23,23.68,24.99,23.43,23.93,29187
2020-03-24,24.95,25.05,24.3,24.7,23097
2020-03-25,25.24,25.7,24.13,24.5,29743
2020-03-26,24.29,25.48,24.09,25.36,23727
2020-03-27,25.44,25.57,25,25.13,17971
2020-03-30,25.21,25.21,24.6,25.14,13075
2020-03-31,25.57,25.99,25.41,25.74,46827
2020-04-01,25.47,25.64,25.09,25.24,61974
2020-04-02,25.62,25.62,25.04,25.26,7784
2020-04-03,25.3,25.67,25.15,25.6,5625
2020-04-06,26.22,27,26.22,26.91,28971
2020-04-07,27.65,28.14,27.29,27.29,61041
2020-04-08,27.69,27.69,26.72,26.73,28906
2020-04-09,27.65,28,26.97,28,12690
2020-04-14,28.11,28.35,27.69,28.29,41953
2020-04-15,28.44,28.45,27.22,27.33,19558
2020-04-16,27.53,27.55,27.05,27.22,19356
2020-04-17,27.65,27.84,27.47,27.7,8371
2020-04-20,27.73,27.95,27.37,27.91,16082
2020-04-21,27.67,27.67,26.71,26.8,24142
2020-04-22,26.76,27.5,26.5,27.3,15456
2020-04-23,27.55,27.65,27.07,27.65,30110
2020-04-24,27.55,27.72,27.3,27.3,10083
2020-04-27,27.72,27.72,27,27.2,43683
2020-04-28,27.14,27.55,27,27.12,5586
2020-04-29,27.51,28.15,27.19,28.09,17335
2020-04-30,28.47,28.7,27.93,28.06,24117
2020-05-04,27.54,27.6,27.2,27.29,49182
2020-05-05,27.58,27.6,27.15,27.33,7582
2020-05-06,27.27,27.27,26.7,26.7,12666
2020-05-07,26.9,27.27,26.6,27.05,11936
2020-05-08,27.22,27.43,27.22,27.35,1445
2020-05-11,27.6,27.6,27,27.02,3524
2020-05-12,27.02,27.69,27.02,27.69,15767
2020-05-13,27.62,27.8,27.26,27.58,9150
2020-05-14,27.22,27.29,26.55,26.88,15202
2020-05-15,27.1,27.19,26.71,26.98,2839
2020-05-18,27.38,27.9,27.16,27.9,8825
2020-05-19,28.01,28.17,27.79,27.92,10266
2020-05-20,28,28.29,27.87,28.22,7543
2020-05-21,28.07,28.13,27.87,27.87,2288
2020-05-22,27.85,27.85,27.6,27.75,1777
2020-05-25,27.83,28.05,27.83,28,3621
2020-05-26,28.22,29.09,28.17,29.09,17625
2020-05-27,29.05,30,29,29.06,48524
2020-05-28,29.54,29.93,28.85,29.22,25004
2020-05-29,29.2,29.4,28.99,29.4,11312
2020-06-01,29.67,29.75,29.33,29.5,9712
2020-06-02,29.56,29.6,29.3,29.52,11221
2020-06-03,29.79,30.3,29.79,30.03,19079
2020-06-04,30.06,30.4,29.86,30.4,11896
2020-06-05,30.68,31.4,30.62,31.32,34611
2020-06-08,31.2,31.5,30.86,31.26,28729
2020-06-09,31.49,31.49,30.78,31.23,18997
2020-06-10,31.4,31.4,30.89,31.32,5909
2020-06-12,29.98,30.9,29.97,30.43,39516
2020-06-15,30,30,29.51,29.62,49594
2020-06-16,30.49,30.8,30.22,30.58,18553
2020-06-17,30.58,30.79,30.3,30.41,4153
2020-06-18,30.41,30.65,30.2,30.54,1555
2020-06-19,30.6,30.78,30.54,30.78,4571
2020-06-22,30.62,30.76,30.46,30.63,5176
2020-06-23,30.84,31.43,30.84,31.06,11749
2020-06-24,31.11,31.15,30.43,30.49,6410
2020-06-25,30.16,30.27,29.87,30.22,6795
2020-06-26,30.61,30.61,29.56,29.56,6045
2020-06-29,29.97,30.1,29.84,30.1,2986
2020-06-30,30.15,30.16,29.9,29.9,1818
2020-07-01,30,30.14,29.61,30.13,3570
2020-07-02,30.2,30.76,30.2,30.75,5076
2020-07-03,30.75,30.75,30.51,30.64,4427
2020-07-06,30.99,31.2,30.83,30.83,4029
2020-07-07,30.77,30.77,30.51,30.69,5862
2020-07-08,30.78,30.78,30.31,30.4,4046
2020-07-09,30.6,30.6,30.44,30.46,817
2020-07-10,30.22,31.25,30.09,31.25,4583
2020-07-13,30.91,30.91,30.73,30.78,1206
2020-07-14,30.55,30.55,30.1,30.19,7981
2020-07-15,30.31,30.62,30.31,30.5,2051
2020-07-16,30.41,30.63,30.37,30.63,1197
2020-07-17,30.51,30.62,30.44,30.58,2743
2020-07-20,30.48,31.23,30.48,31.23,13986
2020-07-21,31.64,32.09,31.4,31.4,23974
2020-07-22,31.36,31.46,31.19,31.19,3780
2020-07-23,31.29,31.35,31,31,2411
2020-07-24,30.72,30.86,30.49,30.79,6995
2020-07-27,30.89,31.19,30.8,31.18,6531
2020-07-28,31.2,31.42,30.9,30.97,4768
2020-07-29,30.92,31.15,30.84,31.15,3290
2020-07-30,31.1,31.1,30.04,30.04,6127
2020-07-31,30.3,30.5,30.06,30.25,4996
2020-08-03,30.31,30.96,30.15,30.72,5652
2020-08-04,31.2,31.2,30.67,31,1713
2020-08-05,31.15,31.35,31.12,31.23,7315
2020-08-06,31.28,31.4,30.91,31,3442
2020-08-07,30.92,30.99,30.8,30.99,4444
2020-08-10,30.99,31.19,30.96,31.15,2318
2020-08-11,31.25,31.59,31.2,31.5,7643
2020-08-12,31.42,31.65,31.36,31.48,5570
2020-08-13,31.64,32.03,31.6,31.6,14055
2020-08-14,31.64,31.64,31.33,31.55,3006
2020-08-17,31.66,31.7,31.43,31.7,2747
2020-08-18,31.61,31.61,31.34,31.34,5429
2020-08-19,31.29,31.45,31.2,31.2,2741
2020-08-20,31.045,31.06,30.835,30.91,2548
2020-08-21,31.08,31.09,30.92,30.97,2471
2020-08-24,31.21,31.37,31.12,31.34,26219
2020-08-25,31.49,31.53,31.08,31.08,3489
2020-08-26,30.99,31.5,30.99,31.5,8873
2020-08-27,31.5,31.5,31.27,31.39,11391
2020-08-28,31.36,31.44,31.15,31.15,2859
2020-08-31,31.37,31.37,30.55,30.65,3553
2020-09-01,30.77,30.79,30.15,30.17,9754
2020-09-02,30.53,30.58,30.34,30.39,13549
2020-09-03,30.6,30.74,30.09,30.12,3435
2020-09-04,29.79,30.19,29.65,29.88,10211
2020-09-07,30.06,30.19,30.06,30.18,6994
2020-09-08,30.34,30.34,29.25,29.51,5658
2020-09-09,29.68,30.18,29.65,30.18,2452
2020-09-10,30.3,30.4,29.88,30.05,1879
2020-09-11,30.13,30.22,30.05,30.11,1156
2020-09-14,30.26,30.48,30,30,1283
2020-09-15,30.06,30.06,29.62,29.62,2059
2020-09-16,29.75,29.87,29.55,29.66,2288
2020-09-17,29.31,29.7,29.29,29.7,3594
2020-09-18,29.7,29.72,29.5,29.5,1119
2020-09-21,29.62,29.64,28.68,28.69,9600
2020-09-22,28.89,29,28.58,28.82,11184
2020-09-23,29.06,29.12,28.72,28.75,7560
2020-09-24,28.53,28.61,28.21,28.5,7306
2020-09-25,28.44,28.64,28.27,28.49,16289
2020-09-28,28.9,29.5,28.83,29.5,5403
2020-09-29,29.53,29.53,29.24,29.24,4372
2020-09-30,29.26,29.26,29,29.19,1725
2020-10-01,29.27,29.33,28.83,28.83,1086
2020-10-02,28.68,28.95,28.54,28.95,2852
2020-10-05,29.16,29.55,29.16,29.48,4432
2020-10-06,29.76,29.8,29.53,29.53,4628
2020-10-07,29.53,29.55,29.24,29.55,3100
2020-10-08,29.62,29.62,29.2,29.26,2178
2020-10-09,28,29.03,27.9,28.91,7956
2020-10-12,28.9,29.1,28.65,28.8,6934
2020-10-13,28.57,28.57,28.22,28.24,11690
2020-10-14,28.41,28.82,28.36,28.47,17430
2020-10-15,28.25,28.3,27.77,27.77,13769
2020-10-16,27.96,28.37,27.96,28.23,6783
2020-10-19,28.47,28.59,28,28.04,2565
2020-10-20,28.09,28.32,28.03,28.3,1912
2020-10-21,28.19,28.3,27.9,28.02,3421
2020-10-22,27.8,28.3,27.8,28,3735
2020-10-23,28.21,28.3,27.95,28.01,3378
2020-10-26,27.99,28.01,27.8,27.8,1865
2020-10-29,26.55,26.63,26.08,26.4,17045
2020-10-30,26.04,26.15,25.55,26,10895
2020-11-02,26.17,26.63,26.16,26.51,9029
2020-11-03,26.96,27.97,26.71,27.97,26949
2020-11-04,27.76,27.98,27.13,27.89,23414
2020-11-05,28.49,28.61,28.19,28.44,9577
2020-11-06,28.51,29,28.31,28.8,4477
2020-11-09,29.1,30.46,28.91,30.08,20248
2020-11-10,29.82,30.5,29.74,30.5,21848
2020-11-12,30.44,30.44,30.01,30.2,9859
2020-11-13,30.045,30.045,29.81,29.82,3749
2020-11-16,30.27,30.67,30.16,30.64,11738
2020-11-17,30.6,30.7,30.22,30.7,4172
2020-11-18,30.47,31,30.41,31,5715
2020-11-19,30.58,30.81,30.41,30.5,5672
2020-11-20,30.5,31,30.5,31,13474
2020-11-23,31.23,31.66,31.03,31.6,25821
2020-11-24,31.61,31.67,31.19,31.67,19911
2020-11-25,31.79,31.81,31.32,31.68,10559
2020-11-26,31.82,31.95,31.42,31.58,4587
2020-11-27,31.4,31.58,31.3,31.58,59135
2020-11-30,31.35,31.47,30.96,31.16,5217
2020-12-01,31.58,31.86,31.48,31.54,9022
2020-12-02,31.57,32.34,31.51,32.25,11574
2020-12-03,32.29,32.32,32.03,32.3,4774
2020-12-04,32.36,33.24,32.36,33.15,9914
2020-12-07,33.15,33.5,32.87,33.36,9368
2020-12-08,33.23,33.5,33.05,33.5,9452
2020-12-09,33.59,34.5,33.59,33.97,31692
2020-12-10,34,34.15,33.61,33.72,9937
2020-12-11,33.96,33.96,32.79,33.65,21434
2020-12-14,33.24,33.4,32.6,33.11,8597
2020-12-15,33.03,33.46,32.9,33.33,11938
2020-12-16,33.55,34,33.53,33.96,13776
2020-12-17,34.11,34.32,33.2,33.65,11536
2020-12-18,33.18,33.54,33.13,33.36,4632
2020-12-21,32.93,32.93,31.55,32.15,25111
2020-12-22,32.54,32.95,32.54,32.8,14872
2020-12-23,32.99,33.34,32.89,33.34,3739
2020-12-28,33.73,34.11,33.63,34.11,13435
2020-12-29,34.64,34.64,34.11,34.23,13973
2020-12-30,34.33,34.33,33.75,33.76,10534
2021-01-04,34.15,34.39,33.89,34.17,12660
2021-01-05,34.18,34.56,34.04,34.18,7023
2021-01-07,34.77,35.18,34.55,34.67,14613
2021-01-08,35.42,35.68,35.05,35.26,15926
2021-01-11,35.33,35.74,34.7,35.16,24727
2021-01-12,35.36,35.36,34.51,34.72,16600
2021-01-13,34.97,34.97,34.17,34.46,6779
2021-01-14,34.48,34.69,34.37,34.59,17802
2021-01-15,34.49,34.52,33.48,33.78,12361
2021-01-18,33.77,34.42,33.47,34.42,19165
2021-01-19,34.69,34.8,33.73,34.15,8412
2021-01-20,33.87,33.98,33.38,33.78,8059
2021-01-21,34.06,34.1,33.18,33.2,13826
2021-01-22,33.01,33.3,32.88,33.21,11006
2021-01-25,33.39,33.39,32.8,33.22,7200
2021-01-26,32.98,33.82,32.86,33.82,3929
2021-01-27,33.76,33.94,32.62,32.81,19340
2021-01-28,32.49,33.85,32,33.76,35711
2021-01-29,33.32,33.69,32.96,33.13,9271
2021-02-01,33.4,33.61,33.29,33.55,24130
2021-02-02,33.6,33.7,33.13,33.2,18996
2021-02-03,33.55,33.55,32.94,33.02,8277
2021-02-04,32.99,33.36,32.72,32.77,2925
2021-02-05,32.99,33.5,32.99,33.29,5013
2021-02-08,33.6,33.6,33.19,33.19,7980
2021-02-09,33.19,33.26,32.91,33.06,3134
2021-02-10,33.15,33.15,32.5,32.6,6649
2021-02-11,32.88,33.36,32.8,33.24,15625
2021-02-12,33.25,33.25,32.66,33,6180
2021-02-15,33.04,33.7,33.04,33.57,17639
2021-02-16,33.78,34.34,33.75,34.07,8909
2021-02-17,34,34.09,33.77,33.77,3852
2021-02-18,33.95,34.32,33.61,33.67,14952
2021-02-19,33.81,33.87,33.57,33.73,2112
2021-02-22,33.7,33.7,33.3,33.34,4476
2021-02-23,33.555,33.555,32.22,32.74,14933
2021-02-24,32.9,33.14,32.82,32.94,8809
2021-02-25,33.43,33.43,32.95,32.95,3932
2021-02-26,32.46,32.68,32.14,32.44,18001
2021-03-01,32.69,33.1,32.57,33.1,9142
2021-03-02,33.1,33.4,33.03,33.22,6444
2021-03-03,33.7,33.76,32.88,33.02,8633
2021-03-04,32.87,33.1,32.56,33.1,4099
2021-03-05,33.02,33.14,32.8,32.96,2391
2021-03-08,33.22,33.4,33.07,33.39,15234
2021-03-09,33.57,34.1,33.39,33.89,21466
2021-03-10,34.02,34.26,33.98,33.98,14325
2021-03-11,34.27,34.27,33.76,33.89,11657
2021-03-12,33.87,34.23,33.66,34.08,2821
2021-03-15,34.25,34.5,34,34,7064
2021-03-16,34.14,34.27,33.67,33.67,3281
2021-03-17,33.42,33.67,32.55,33.01,54407
2021-03-18,32.95,33.4,32.95,33.31,107309
2021-03-19,33.17,33.17,32.77,32.81,10182
2021-03-22,32.78,33.1,32.74,32.9,11719
2021-03-23,32.92,32.92,32.42,32.77,10248
2021-03-24,32.46,32.46,32.1,32.25,20889
2021-03-25,32.25,32.49,31.77,31.87,25547
2021-03-26,32.13,32.72,32.11,32.67,4593
2021-03-29,32.8,33.22,32.77,33.16,4334
2021-03-30,33.32,33.4,32.9,32.99,10446
2021-03-31,32.99,33.1,32.77,32.93,5517
2021-04-01,33.06,33.28,33.03,33.23,3122
2021-04-06,33.59,34.18,33.5,33.86,24211
2021-04-07,34.08,34.13,33.8,33.93,36735
2021-04-08,34.08,34.08,33.52,33.54,15396
2021-04-09,33.61,33.775,33.4,33.555,10388
2021-04-12,33.46,33.66,33.38,33.62,8285
2021-04-13,33.73,33.84,33.45,33.52,5475
2021-04-14,33.84,34.19,33.84,34.19,18629
2021-04-15,34.23,34.44,33.94,34.27,8479
2021-04-16,34.26,34.4,34.05,34.15,5638
2021-04-19,34.28,34.65,33.95,33.95,27719
2021-04-20,34,34.15,33.65,33.73,12616
2021-04-21,33.7,33.77,33.41,33.58,9410
2021-04-22,33.8,34.05,33.75,33.85,2708
2021-04-23,33.75,33.78,33.5,33.57,15408
2021-04-26,33.79,33.99,33.7,33.99,5739
2021-04-27,34.07,34.2,33.92,33.92,15713
2021-04-28,34.23,34.48,33.99,34.44,18433
2021-04-29,34.72,35.3,34.65,34.81,20558
2021-04-30,34.81,35,34.61,34.61,9090
2021-05-04,34.64,34.66,33.92,34,20466
2021-05-05,34.18,34.83,34.18,34.73,22506
2021-05-06,34.85,35.2,34.71,34.71,6402
2021-05-07,35.325,35.64,35.05,35.58,24515
2021-05-10,36.08,36.29,35.73,35.73,24828
2021-05-11,35.84,35.84,35.2,35.8,12781
2021-05-12,35.9,36.07,35.41,35.47,27205
2021-05-13,35.12,35.6,34.82,35.4,22138
2021-05-14,35.6,35.78,35.05,35.78,28758
2021-05-17,36.1,36.15,35.8,36.1,25068
2021-05-18,36.45,36.52,36.17,36.23,10016
2021-05-19,36.27,36.27,35.8,35.87,32883
2021-05-20,35.98,36.25,35.67,36.14,13706
2021-05-21,36.21,36.5,36.17,36.27,13291
2021-05-24,36.19,36.28,35.99,36.19,6039
2021-05-25,36.35,36.55,36.15,36.52,7996
2021-05-26,36.5,36.82,36.4,36.7,11501
2021-05-27,36.8,37.42,36.8,37.42,13881
2021-05-28,37.57,37.93,37.54,37.92,50809
2021-05-31,37.98,38.21,37.83,37.92,20673
2021-06-01,37.98,38.5,37.84,38.2,28656
2021-06-02,38.14,38.29,37.97,38.2,11438
2021-06-04,38.34,38.41,37.9,38.18,11809
2021-06-07,38.45,38.56,38.17,38.2,39281
2021-06-08,37.99,38.16,37.77,38.01,8089
2021-06-09,38.03,38.05,37.62,37.72,7278
2021-06-10,37.755,38.11,37.51,38.02,10401
2021-06-11,38,38.03,37.79,37.79,5376
2021-06-14,38.02,38.22,37.94,38.22,5510
2021-06-15,38.53,38.53,37.9,37.9,10969
2021-06-16,38.13,38.19,37.79,37.79,13528
2021-06-17,37.64,37.86,37.4,37.55,13342
2021-06-18,37.5,37.78,37.39,37.71,4478
2021-06-21,37.53,37.82,37.14,37.74,25511
2021-06-22,37.84,37.96,37.43,37.7,2225
2021-06-23,37.98,38,37.775,38,11396
2021-06-24,38,38.82,38,38.82,9897
2021-06-25,38.8,38.95,38.54,38.78,19132
2021-06-28,38.7,38.99,38.39,38.94,7551
2021-06-29,38.82,38.82,38.3,38.6,3181
2021-06-30,38.51,38.51,37.7,37.7,6034
2021-07-01,37.85,38.32,37.83,38.22,4900
2021-07-02,38.3,38.5,38.3,38.3,6297
2021-07-05,38.49,38.53,38.34,38.53,924
2021-07-06,38.58,38.64,38.01,38.01,4390
2021-07-07,38.1,38.96,38.1,38.93,11928
2021-07-08,38.71,38.72,38,38,11723
2021-07-09,38.32,38.46,38.02,38.29,1609
2021-07-12,38.34,38.65,38.26,38.52,4894
2021-07-13,38.5,38.7,38.48,38.54,10876
2021-07-14,38.64,38.77,38.54,38.65,15932
2021-07-15,38.62,38.77,38.4,38.64,3542
2021-07-16,38.57,38.75,38.42,38.47,14823
2021-07-19,38.37,38.37,37.15,37.15,138161
2021-07-20,37.7,37.93,37.48,37.68,15158
2021-07-21,37.97,38.49,37.95,38.32,7999
2021-07-22,38.57,38.58,38.21,38.23,3500
2021-07-23,38.42,38.42,38.2,38.38,1753
2021-07-26,38.38,38.4,37.995,38.33,10068
2021-07-27,38.38,38.38,37.92,38.05,8642
2021-07-28,38.06,38.42,38.01,38.42,11530
2021-07-29,38.59,38.76,38.59,38.76,11165
2021-07-30,38.56,38.67,38.47,38.48,1732
2021-08-02,38.75,38.75,38.49,38.6,4956
2021-08-03,38.62,38.85,38.52,38.52,5336
2021-08-04,38.8,38.985,38.795,38.85,3881
2021-08-05,38.85,38.87,38.68,38.86,6237
2021-08-06,38.9,38.9,38.55,38.9,1888
2021-08-09,38.9,39,38.78,38.91,6477
2021-08-10,38.9,39.1,38.8,38.92,4241
2021-08-11,38.92,39.08,38.71,39.07,8440
2021-08-12,39,39.3,38.92,39.3,3801
2021-08-13,39.41,39.41,39.2,39.33,6533
2021-08-16,39.16,39.32,39,39,3724
2021-08-17,39.18,39.3,38.96,39.3,6670
2021-08-18,39.3,39.3,38.92,39.08,4955
2021-08-19,38.72,38.72,38.29,38.65,11439
2021-08-20,38.7,38.7,38.43,38.67,5242
2021-08-23,38.75,39.16,38.75,39.16,1619
2021-08-24,39.17,39.35,38.99,39.35,5171
2021-08-25,39.27,39.76,39.26,39.76,1689
2021-08-26,39.61,39.72,39.41,39.65,24974
2021-08-27,39.55,39.74,39.26,39.74,3632
2021-08-30,39.8,40.2,39.76,40.11,12005
2021-08-31,40.25,40.72,40.15,40.49,24027
2021-09-01,40.75,40.8,40.46,40.57,82953
2021-09-02,40.68,40.9,38.83,40.9,58946
2021-09-03,40.81,40.87,40.51,40.64,4796
2021-09-06,40.71,41.24,40.7,41.24,4872
2021-09-07,41.16,41.24,40.9,40.96,5780
2021-09-08,40.8,40.8,40.33,40.42,35084
2021-09-09,40.3,40.5,40.1,40.37,14584
2021-09-10,40.37,40.74,40.37,40.4,3785
2021-09-13,40.63,40.9,40.58,40.9,2349
2021-09-14,40.51,41.11,40.46,41.11,3432
2021-09-15,40.89,40.96,40.61,40.7,14899
2021-09-16,40.75,40.95,40.6,40.64,2201
2021-09-17,40.78,40.78,40.14,40.2,8035
2021-09-20,39.68,39.68,39.02,39.6,25972
2021-09-21,39.44,39.79,39.37,39.37,22553
2021-09-22,39.72,40.25,39.72,40.21,4358
2021-09-23,40.69,40.69,40.1,40.1,3666
2021-09-24,40.11,40.23,39.65,39.8,2172
2021-09-27,39.93,39.93,39.49,39.72,2818
2021-09-28,39.7,39.7,39.2,39.3,4074
2021-09-29,39.4,39.7,39.4,39.58,1961
2021-09-30,39.74,40,39.68,39.87,3240
2021-10-01,39.47,40.36,39.43,40.17,7528
2021-10-04,40.11,40.7,39.95,40.42,4866
2021-10-05,40.43,40.85,40.16,40.85,5923
2021-10-06,40.68,40.85,40.21,40.59,8483
2021-10-07,40.78,40.83,40.47,40.77,2344
2021-10-08,40.99,41.73,40.99,41.66,18753
2021-10-11,41.62,42.4,41.62,42.4,15665
2021-10-12,42,42.82,41.99,42.82,5685
2021-10-13,42.81,42.81,42.2,42.2,2228
2021-10-14,42.56,42.73,42.34,42.6,6479
2021-10-15,42.54,42.54,42.09,42.34,4104
2021-10-18,42.43,42.81,42.4,42.49,3781
2021-10-19,42.74,42.74,42.2,42.25,6401
2021-10-20,42.24,42.37,42.06,42.2,2082
2021-10-21,41.88,42.03,41.81,41.93,4481
2021-10-22,41.63,42.11,41.63,41.75,3463
2021-10-25,41.78,42.02,41.76,41.94,5432
2021-10-26,41.9,42.26,41.89,41.9,2987
2021-10-27,41.87,41.87,41.26,41.54,3716
2021-10-28,41.54,41.65,41.35,41.35,2554
2021-10-29,41.21,41.85,41.2,41.3,5441
2021-11-02,41.5,41.87,41.3,41.6,5797
2021-11-03,41.88,41.88,40.99,41,10164
2021-11-04,41.68,42.19,41.42,42.11,6964
2021-11-05,42.02,42.21,41.84,42.12,4543
2021-11-08,42.35,42.35,41.75,41.85,6639
2021-11-09,41.79,41.81,41.35,41.42,7993
2021-11-10,41.43,41.55,40.67,40.91,19374
2021-11-12,41.11,41.25,40.775,40.775,3664
2021-11-15,40.94,41.22,40.31,40.31,5037
2021-11-16,40.5,40.57,40.32,40.44,3168
2021-11-17,40.58,40.58,39.9,40,12391
2021-11-18,39.83,39.83,39.02,39.21,13723
2021-11-19,39.39,39.52,38.3,38.99,25408
2021-11-22,39.1,39.11,38.55,38.95,9824
2021-11-23,38.7,39.9,38.41,39.9,6077
2021-11-24,39.13,39.33,38.44,38.58,9210
2021-11-25,38.71,38.84,38.28,38.4,9578
2021-11-26,37.35,37.52,36.9,37.01,76591
2021-11-29,37.34,37.39,36.6,37.06,10345
2021-11-30,36.88,37.96,36.68,37.87,13518
2021-12-01,38.31,38.55,37.91,38.3,31238
2021-12-02,37.84,38.02,37.65,37.95,11753
2021-12-03,38.19,38.4,37.6,38.38,14467
2021-12-06,37.89,38,37.6,37.8,10711
2021-12-07,38.11,39,38.11,38.3,29928
2021-12-08,38.74,38.79,38.3,38.3,13851
2021-12-09,38.5,38.63,37.72,38.48,5312
2021-12-10,38.25,38.44,38.19,38.19,1750
2021-12-13,38.5,38.65,38.17,38.17,3865
2021-12-14,38.27,38.41,37.9,38.13,3593
2021-12-15,37.85,37.94,37.2,37.4,10117
2021-12-16,37.68,38.24,37.68,38.1,5550
2021-12-17,37.93,38.07,37.68,37.86,2308
2021-12-20,37.14,37.84,36.98,37.79,11185
2021-12-21,37.88,38.055,37.73,37.73,8198
2021-12-22,37.86,38.16,37.835,38.16,5364
2021-12-23,38.415,38.445,38.24,38.355,3716
2021-12-27,38.44,38.51,38.095,38.33,6284
2021-12-28,38.435,38.85,38.435,38.85,8905
2021-12-29,38.89,39.1,38.535,38.99,14607
2021-12-30,39.08,39.09,38.74,39.09,3838
2022-01-03,39.265,39.73,39.265,39.43,10082
2022-01-04,39.495,39.675,39.42,39.675,10785
2022-01-05,39.5,39.83,39.43,39.75,3657
2022-01-07,39.695,39.88,39.27,39.88,7773
2022-01-10,39.8,40.115,39.465,39.465,7338
2022-01-11,39.615,40.45,39.59,40.4,20476
2022-01-12,40.725,41.55,40.725,41.44,29572
2022-01-13,41.4,41.83,41.32,41.51,25038
2022-01-14,41.36,41.54,40.855,41.1,7717
2022-01-17,41.06,41.09,40.72,40.88,5634
2022-01-18,40.545,40.7,39.985,40.7,10794
2022-01-19,39.69,40.295,39.445,39.94,34899
2022-01-20,40.225,40.225,39.625,39.87,8220
2022-01-21,39.55,39.55,38.875,39.2,11089
2022-01-24,39.01,39.23,37.12,37.41,71422
2022-01-25,37.835,38.165,37.4,38.12,12439
2022-01-26,38.185,38.7,38.185,38.49,10728
2022-01-27,38.065,38.7,38,38.7,7029
2022-01-28,38.395,38.395,37.4,37.62,52943
2022-01-31,38.085,38.225,37.77,38.07,30462
2022-02-01,38.5,38.52,38.115,38.265,12998
2022-02-02,38.45,39,38.365,38.9,15721
2022-02-03,38.665,38.775,38.365,38.565,4999
2022-02-04,38.56,38.56,37.525,37.525,9488
2022-02-07,37.87,37.87,37.06,37.41,9833
2022-02-08,37.52,38.15,37.52,38.15,16362
2022-02-09,38.2,38.49,38.2,38.49,6636
2022-02-10,38.5,38.5,37.875,38.15,6505
2022-02-11,37.875,37.94,37.455,37.94,3355
2022-02-14,36.96,37.37,36.47,37.29,33848
2022-02-15,37.5,38.315,37.5,38.07,19184
2022-02-16,38.395,38.74,37.985,38.16,8532
2022-02-17,38.205,38.205,37.32,37.355,9325
2022-02-18,37.44,37.64,37,37,12580
2022-02-21,37.47,37.47,35.51,36,33430
2022-02-22,34.855,36.295,34.545,36.265,21918
2022-02-23,36.525,36.665,35.15,35.15,9077
2022-02-24,33.075,33.075,30.65,31.5,157197
2022-02-25,32.62,34.35,32,33.93,117119
2022-02-28,36,36,33,34.445,48697
2022-03-01,35.1,35.295,33.78,33.915,18188
2022-03-02,34,35.16,33.8,35.16,26803
2022-03-03,35.53,35.53,34.5,34.59,15102
2022-03-04,34.17,34.17,32.8,33.07,36555
2022-03-07,32.78,33.7,32.04,33.3,34677
2022-03-08,33.305,33.98,32.755,32.9,23628
2022-03-09,33.405,34.05,33.1,33.1,22855
2022-03-10,34.15,34.235,33.575,33.91,33700
2022-03-11,34.5,35.205,34.36,34.99,29605
2022-03-14,34.75,34.95,34,34,24378
2022-03-15,33.895,34.775,33.55,34.745,14959
2022-03-16,35.145,35.5,34.93,35.45,15513
2022-03-17,36,36.455,35.7,36.4,29983
2022-03-18,36.405,36.73,36,36,10346
2022-03-21,36.55,36.605,35.845,36.01,8335
2022-03-22,36.23,36.745,36.045,36.745,4417
2022-03-23,36.7,37,36.23,36.425,21069
2022-03-24,36.705,37,36.32,36.94,3724
2022-03-25,36.965,36.965,36.08,36.385,11810
2022-03-28,36.715,36.81,36.405,36.65,7402
2022-03-29,36.575,37.46,36.3,37.43,22685
2022-03-30,37.43,37.55,37.2,37.53,13798
2022-03-31,37.48,37.53,36.74,36.74,6085
2022-04-01,36.98,37.33,36.93,37.2,3891
2022-04-04,37.37,37.56,36.965,37.13,10101
2022-04-05,37.21,37.21,36.5,36.75,7816
2022-04-06,36.565,36.565,35.805,36.09,13271
2022-04-07,36.19,36.375,35.71,35.71,15878
2022-04-08,36.055,36.185,35.71,35.75,2286
2022-04-11,35.865,36.49,35.545,36.49,7005
2022-04-12,36.05,36.305,36,36.15,6086
2022-04-13,36.325,36.325,35.9,36.28,2441
2022-04-14,36.4,36.4,35.92,36,2380
2022-04-19,36.17,36.17,35.23,35.57,10133
2022-04-20,35.92,36.065,35.275,35.33,4205
2022-04-21,35.5,35.5,34.88,34.88,7838
2022-04-22,34.675,34.74,34,34.4,19600
2022-04-25,33.455,33.975,33,33.24,30453
2022-04-26,33.6,33.6,32.63,33,15370
2022-04-27,32.565,32.68,32.17,32.4,27147
2022-04-28,32.86,32.86,32.23,32.24,20995
2022-04-29,32.78,32.92,31.835,32.2,21147
2022-05-02,31.765,31.765,31.3,31.35,27909
2022-05-04,31.79,32,31.075,32,15535
2022-05-05,32.045,32.045,30.5,30.5,58751
2022-05-06,30.035,30.37,29.595,30.37,39450
2022-05-09,30.325,30.34,29.69,29.85,27498
2022-05-10,30,30.07,29.32,29.54,39387
2022-05-11,29.65,30.015,29.42,29.52,23899
2022-05-12,29.045,29.39,28.43,29.125,42982
2022-05-13,29.775,30.5,29.6,30.5,33422
2022-05-16,30.695,30.89,30.055,30.29,26140
2022-05-17,30.66,31.285,30.495,31.075,70716
2022-05-18,31.375,31.415,30.905,30.95,38314
2022-05-19,30.475,30.735,30.175,30.51,21638
2022-05-20,30.89,31.075,30.71,30.8,30640
2022-05-23,31.31,31.58,31.08,31.55,17807
2022-05-24,31.69,31.705,31.16,31.2,18474
2022-05-25,31.415,31.505,30.775,31,8666
2022-05-26,30.985,31.485,30.85,31.39,8869
2022-05-27,31.485,31.49,31.02,31.2,9113
2022-05-30,31.6,32.43,31.45,32.43,19270
2022-05-31,31.985,32.065,31.65,31.71,9540
2022-06-01,31.695,31.72,31.26,31.38,12035
2022-06-02,31.5,31.71,31.29,31.67,13164
2022-06-03,31.8,31.87,31.22,31.285,12346
2022-06-06,31.55,31.82,31.275,31.82,6032
2022-06-07,31.63,31.63,31.3,31.43,6405
2022-06-08,31.455,31.455,30.74,31.05,26920
2022-06-09,30.86,31.055,30.4,30.4,14713
2022-06-10,30.115,30.155,29.65,29.71,23417
2022-06-13,29.295,29.4,28.8,29,39433
2022-06-14,29.3,29.44,28.92,29.325,25469
2022-06-15,29.325,29.445,28.8,29.39,19866
2022-06-17,28.935,29.7,28.765,29.7,14926
2022-06-20,29.255,29.255,28.83,28.92,16142
2022-06-21,29.26,29.625,29.2,29.62,23887
2022-06-22,29.135,29.225,28.73,29.03,41628
2022-06-23,28.84,29.14,28.535,28.6,21150
2022-06-24,28.68,29.05,28.52,28.945,29895
2022-06-27,29.325,29.58,29.135,29.58,6464
2022-06-28,29.76,30.09,29.74,30,13830
2022-06-29,29.62,29.915,29.525,29.86,5959
2022-06-30,29.5,29.52,29.17,29.295,21579
2022-07-01,29.185,29.58,29.06,29.09,8446
2022-07-04,29.205,29.29,28.7,29.16,6904
2022-07-05,29.28,29.42,28.2,28.42,24736
2022-07-06,28.54,28.78,28.18,28.725,11385
2022-07-07,28.95,29.64,28.795,29.35,23395
2022-07-08,29.495,30.1,29.32,30.05,29116
2022-07-11,29.515,29.8,29.39,29.6,10973
2022-07-12,29.4,29.4,28.715,28.75,20234
2022-07-13,28.87,28.995,28.4,28.59,30311
2022-07-14,28.63,28.66,27.65,27.97,47298
2022-07-15,27.9,28.21,27.85,28.145,10766
2022-07-18,28.5,28.865,28.5,28.82,16122
2022-07-19,28.74,29.05,28.435,29.05,7743
2022-07-20,29.51,29.52,29,29.25,7719
2022-07-21,29.37,29.37,28.8,29,16380
2022-07-22,29.265,29.67,29.145,29.5,10498
2022-07-25,29.45,29.65,29.175,29.37,6604
2022-07-26,29.215,29.215,28.715,28.84,9845
2022-07-27,29.065,29.105,28.5,28.79,10155
2022-07-28,29.05,29.275,28.895,29.025,3931
2022-07-29,29.395,30,29.395,30,14308
2022-08-01,30,30.28,29.905,30.24,36483
2022-08-02,30.095,30.23,29.9,29.92,24611
2022-08-03,29.85,30.02,29.61,29.69,9440
2022-08-04,29.825,29.93,29.34,29.46,11984
2022-08-05,29.78,29.885,28.95,29.1,23242
2022-08-08,29.32,29.85,29.085,29.85,18295
2022-08-09,29.86,29.98,29.56,29.63,10588
2022-08-10,29.535,29.99,29.31,29.84,6585
2022-08-11,30.07,30.34,29.8,30.34,11225
2022-08-12,30.275,30.55,30.155,30.5,10924
2022-08-16,30.58,31,30.385,30.52,58792
2022-08-17,30.49,30.49,29.555,29.63,16686
2022-08-18,29.52,29.965,29.49,29.915,12477
2022-08-19,29.61,29.8,29.37,29.675,7080
2022-08-22,29.36,29.395,28.65,28.91,23714
2022-08-23,28.82,29.32,28.75,28.75,18785
2022-08-24,29,29.035,28.5,28.8,15945
2022-08-25,28.935,29.06,28.55,28.785,7839
2022-08-26,28.71,28.71,28.1,28.2,32417
2022-08-29,27.64,27.85,27.3,27.76,43939
2022-08-30,27.635,28.05,26.925,27.25,23227
2022-08-31,27.21,27.24,26.655,26.99,31424
2022-09-01,26.705,26.705,25.8,26.18,56296
2022-09-02,26.195,26.52,25.81,26.47,44411
2022-09-05,26.23,26.49,26.11,26.23,14984
2022-09-06,26.405,26.49,25.415,25.88,55832
2022-09-07,25.595,25.9,25.2,25.9,38431
2022-09-08,26.2,26.32,25.68,25.885,20891
2022-09-09,26.34,26.98,26.2,26.98,38925
2022-09-12,27.16,27.5,26.8,27.5,33809
2022-09-13,27.52,27.535,26.645,26.795,36111
2022-09-14,26.69,26.94,26.5,26.9,11542
2022-09-15,26.91,27.265,26.845,27.125,3774
2022-09-16,26.9,26.9,26.25,26.8,15713
2022-09-19,26.5,26.915,26.49,26.91,9311
2022-09-20,27.105,27.275,26.36,26.36,10402
2022-09-21,26.36,26.665,26.3,26.57,16989
2022-09-22,26.21,26.905,26.21,26.775,3296
2022-09-23,26.61,26.61,25.64,25.67,41676
2022-09-26,25.255,25.56,24.87,25.4,54199
2022-09-27,25.77,25.97,25.6,25.8,18871
2022-09-28,25.39,25.5,25,25.44,22255
2022-09-29,25.385,25.51,24.41,24.555,43771
2022-09-30,24.67,24.77,24.255,24.5,34810
2022-10-03,24.495,24.665,23.85,24.58,35250
2022-10-04,25.09,25.69,25,25.69,41200
2022-10-05,25.67,25.675,25.12,25.3,18531
2022-10-06,25.56,25.725,25.01,25.12,18368
2022-10-07,25,25.2,24.84,24.9,14126
2022-10-10,24.88,24.88,24.44,24.44,38249
2022-10-11,24.435,24.94,24.11,24.44,44282
2022-10-12,24.46,24.68,24.32,24.4,18645
2022-10-13,24.415,24.57,23.74,24.1,38519
2022-10-14,24.755,24.955,24.48,24.745,22726
2022-10-17,24.905,25.13,24.585,25.125,19309
2022-10-18,25.155,25.5,25.13,25.22,21157
2022-10-19,25.32,25.32,24.72,24.8,18292
2022-10-20,24.695,25.49,24.68,25.49,16446
2022-10-21,25.06,25.185,24.72,24.74,19472
2022-10-24,25.4,25.595,24.985,25.395,10932
2022-10-25,25.575,25.715,25.24,25.56,11075
2022-10-26,25.705,26.36,25.65,26.35,15777
2022-10-27,26.385,26.68,26.15,26.68,14164
2022-10-28,26.4,26.88,26.26,26.72,17305
2022-10-31,26.835,27.195,26,27.145,44655
2022-11-02,27.645,27.88,27.42,27.8,51199
2022-11-03,27.39,27.63,27.21,27.61,43997
2022-11-04,28,28.57,28,28.35,55204
2022-11-07,28.66,29.02,28.41,28.65,41102
2022-11-08,28.625,29.08,28.445,29,23678
2022-11-09,29.2,29.33,29,29.11,40037
2022-11-10,28.95,29.95,28.62,29.9,35853
2022-11-14,30.395,31.12,30.385,30.855,98479
2022-11-15,30.905,31.55,30.53,31.3,48542
2022-11-16,30.67,31.2,30.635,30.84,85640
2022-11-17,30.865,30.91,29.99,30.2,58764
2022-11-18,30.2,30.605,29.9,30.22,23767
2022-11-21,30.255,30.255,29.795,29.795,27844
2022-11-22,29.8,30.6,29.8,30.4,12633
2022-11-23,30.595,30.81,30.21,30.4,14672
2022-11-24,30.52,31.07,30.44,31.07,12703
2022-11-25,30.945,31.2,30.76,31.04,6857
2022-11-28,30.875,30.95,30.6,30.6,9909
2022-11-29,30.845,30.905,30.41,30.83,7725
2022-11-30,30.83,31.11,30.56,30.72,11547
2022-12-01,31.135,31.25,30.9,31.16,14021
2022-12-02,31.075,31.095,30.585,30.7,10871
2022-12-05,30.955,31.28,30.87,30.9,16044
2022-12-06,30.77,30.77,30.49,30.67,17580
2022-12-07,30.57,30.77,30.47,30.77,11802
2022-12-08,30.71,30.71,30.32,30.585,5992
2022-12-09,30.575,30.68,30.38,30.6,18103
2022-12-12,30.52,31.1,30.375,31.05,25396
2022-12-13,31.1,31.85,30.795,31.625,16861
2022-12-14,31.705,31.73,31.415,31.635,14082
2022-12-15,31.515,31.515,30.7,30.7,14140
2022-12-16,30.85,31,30.53,30.8,14322
2022-12-19,30.83,31.075,30.81,30.91,12953
2022-12-20,30.615,31.2,30.545,31.2,7516
2022-12-21,31.22,31.645,31.01,31.64,15440
2022-12-22,31.73,31.78,31.415,31.5,16775
2022-12-23,31.33,31.535,31.3,31.535,8516
2022-12-27,31.615,31.65,31.225,31.25,12556
2022-12-28,31.255,31.465,31.11,31.365,13850
2022-12-29,31.25,31.89,31.25,31.89,18250
2022-12-30,31.805,31.845,31.565,31.675,4491
2023-01-02,31.835,32.085,31.6,31.7,10952
2023-01-03,31.82,32.45,31.755,32.29,32112
2023-01-04,32.49,32.86,32.305,32.7,19475
2023-01-05,32.76,33.395,32.625,32.87,25435
2023-01-09,33.395,33.845,33.23,33.845,27950
2023-01-10,33.535,34.325,33.5,34.245,37489
2023-01-11,34.37,34.6,33.83,33.87,28623
2023-01-12,33.895,34.525,33.895,34.08,16745
2023-01-13,34.065,34.365,33.755,34.03,24870
2023-01-16,34.13,34.345,33.69,34.18,24604
2023-01-17,34.215,34.215,33.545,33.69,11495
2023-01-18,33.7,34.15,33.53,33.84,23234
2023-01-19,33.57,33.655,33.055,33.43,36163
2023-01-20,33.475,33.575,33.25,33.47,11400
2023-01-23,33.59,34.1,33.59,34.02,11440
2023-01-24,34.16,34.44,33.825,33.93,10951
2023-01-25,33.59,33.66,33.205,33.3,14711
2023-01-26,33.63,33.965,33.475,33.81,15450
2023-01-27,33.9,34.02,33.79,33.85,10294
2023-01-30,33.615,33.615,33.275,33.42,4819
2023-01-31,33.11,33.695,33.105,33.615,5854
2023-02-01,33.515,33.76,33.08,33.09,7850
2023-02-02,33.67,33.94,33.31,33.65,7399
2023-02-03,33.65,33.9,33.5,33.71,20622
2023-02-06,33.615,33.635,32.885,32.95,11928
2023-02-07,32.975,33.175,32.9,33.055,34774
2023-02-08,33.445,33.61,33.255,33.255,7422
2023-02-09,33.56,33.825,33.42,33.495,8387
2023-02-10,33.305,33.34,32.46,32.68,17476
2023-02-13,32.81,32.95,31,32.71,32688
2023-02-14,32.95,33,32.575,32.74,3574
2023-02-15,32.68,33.08,32.55,33.04,4211
2023-02-16,33.17,33.3,32.6,32.96,4267
2023-02-17,32.66,32.985,32.625,32.895,3269
2023-02-20,32.925,32.925,32.62,32.695,4834
2023-02-21,32.65,32.66,32.045,32.225,13582
2023-02-22,32.085,32.085,31.565,31.755,20973
2023-02-23,31.885,32.31,31.855,32.305,5373
2023-02-24,32.315,32.39,31.845,31.93,4034
2023-02-27,32,32.31,31.945,32.15,6263
2023-02-28,32.13,32.64,32.06,32.615,10498
2023-03-01,32.735,33.015,32.67,32.73,6964
2023-03-02,32.555,32.555,32.07,32.07,13135
2023-03-03,32.2,32.54,32.2,32.53,3938
2023-03-06,32.755,33.205,32.71,33.1,6512
2023-03-07,33.045,33.3,32.705,32.775,5640
2023-03-08,32.585,32.95,32.56,32.87,14100
2023-03-09,32.83,32.83,32.41,32.43,6989
2023-03-10,31.935,32.02,31.59,31.805,19737
2023-03-13,31.845,31.975,30.61,31.1,52296
2023-03-14,30.95,31.245,30.74,31.08,43023
2023-03-15,31.1,31.2,30.075,30.22,41034
2023-03-16,30.425,30.52,29.51,30.35,40944
2023-03-17,30.5,30.61,29.6,29.64,25468
2023-03-20,29.07,29.95,28.77,29.95,44778
2023-03-21,30.025,30.48,30,30.465,25298
2023-03-22,30.16,30.63,30.09,30.165,15218
2023-03-23,30.15,30.265,29.645,30.11,16378
2023-03-24,29.985,29.985,29.31,29.5,13110
2023-03-27,29.95,29.955,29.5,29.85,11425
2023-03-28,30.125,30.305,29.85,29.98,16777
2023-03-29,30,30.255,29.8,30.1,5992
2023-03-30,30.44,31.165,30.4,31.05,12348
2023-03-31,31.32,31.32,30.93,31.05,12283
2023-04-03,31.305,31.73,31.255,31.35,14285
2023-04-04,31.485,31.72,31.3,31.3,19205
2023-04-05,31.25,31.25,30.98,30.985,8409
2023-04-06,31.145,31.145,30.9,30.97,10650
2023-04-11,31.31,31.605,31.085,31.49,37846
2023-04-12,31.555,32.12,31.33,32.07,23692
2023-04-13,32.02,32.59,32,32.5,12337
2023-04-14,32.705,32.9,32.515,32.785,24370
2023-04-17,32.9,33.005,32.765,32.95,19025
2023-04-18,32.815,33.67,32.815,33.4,36348
2023-04-19,33.375,33.56,33,33.47,14323
2023-04-20,33.48,33.99,33.48,33.645,39152
2023-04-21,33.48,33.6,33.195,33.54,13855
2023-04-24,33.455,33.885,33.235,33.81,13070
2023-04-25,33.52,33.7,33.29,33.36,7921
2023-04-26,33.24,33.575,32.96,33.32,18677
2023-04-27,33.41,34.455,33.385,34.38,20431
2023-04-28,34.355,34.38,33.83,33.955,24700
2023-05-02,34.125,34.445,33.835,33.92,5864
2023-05-04,33.92,34,33.21,33.245,22805
2023-05-05,33.315,33.77,33.285,33.685,13884
2023-05-08,33.71,34.15,33.71,33.9,8428
2023-05-09,33.825,33.88,33.575,33.84,7942
2023-05-10,33.885,34.5,33.74,34.08,11698
2023-05-11,34.135,34.33,33.79,33.79,11959
2023-05-12,33.795,34.405,33.79,34.285,9301
2023-05-15,34.58,34.58,34.085,34.245,27705
2023-05-16,34.225,34.6,34.15,34.37,8711
2023-05-17,34.11,34.345,34.045,34.155,15134
2023-05-18,34.28,34.48,34.1,34.265,3823
2023-05-19,34.435,35.11,34.415,35.1,23815
2023-05-22,35.1,35.47,34.945,35.4,19912
2023-05-23,35.4,35.75,35.325,35.5,18419
2023-05-24,35.03,35.18,34.51,34.6,12083
2023-05-25,34.875,34.875,34.185,34.185,12871
2023-05-26,34.4,34.98,34.25,34.98,5615
2023-05-29,35.035,35.165,34.85,34.98,5841
2023-05-30,34.745,34.745,34.32,34.335,6375
2023-05-31,33.93,33.93,33.3,33.35,32446
2023-06-01,33.665,34.405,33.6,34.405,17821
2023-06-02,34.67,35.58,34.595,35.58,41683
2023-06-05,35.545,36.19,35.425,35.62,30888
2023-06-06,35.62,36.28,35.5,36.28,13046
2023-06-07,36.155,36.3,35.73,35.8,12032
2023-06-09,36.075,36.325,36,36.16,20735
2023-06-12,36.1,36.48,36,36.04,13520
2023-06-13,36.245,36.265,35.63,35.63,5828
2023-06-14,35.965,36.65,35.965,36.59,18353
2023-06-15,36.485,36.995,36.2,36.98,17502
2023-06-16,37,37.57,36.99,37.1,25726
2023-06-19,37.1,37.395,36.765,36.77,13993
2023-06-20,36.71,36.87,36.4,36.4,7889
2023-06-21,36.45,36.835,36.45,36.77,5373
2023-06-22,36.52,36.85,36.39,36.655,3991
2023-06-23,36.53,36.53,35.835,35.9,18547
2023-06-26,36.03,36.62,35.75,36.475,18532
2023-06-27,36.575,36.65,35.7,35.98,8002
2023-06-28,36.35,36.5,35.845,36.08,16543
2023-06-29,36.18,36.43,36.18,36.38,4202
2023-06-30,36.4,36.42,36.115,36.375,7971
2023-07-03,36.5,36.82,36.4,36.8,7859
2023-07-04,36.78,36.8,36.43,36.465,12164
2023-07-05,36.275,36.28,35.655,35.68,16043
2023-07-06,35.225,35.845,35.225,35.6,10199
2023-07-07,35.6,36.15,35.6,36.15,5289
2023-07-10,36.055,36.25,34.3,36.21,12428
2023-07-11,36.405,36.53,36.3,36.425,4913
2023-07-12,36.545,37.5,36.545,37.5,10047
2023-07-13,37.5,37.815,37.385,37.59,42068
2023-07-14,37.535,38,37.385,37.76,16849
2023-07-17,37.72,38.135,37.61,37.955,11534
2023-07-18,37.995,38.4,37.865,38.4,13293
2023-07-19,38.495,38.66,38.375,38.525,13378
2023-07-20,38.39,38.66,38.19,38.19,4664
2023-07-21,38.39,38.4,38.03,38.26,6253
2023-07-24,38.31,38.64,38.31,38.5,9627
2023-07-25,38.625,38.8,38.465,38.785,8441
2023-07-26,38.8,38.8,38.24,38.42,13126
2023-07-27,38.51,38.905,38.47,38.905,8529
2023-07-28,38.675,38.9,38.65,38.87,11118
2023-07-31,38.97,39.08,38.85,39.02,24783
2023-08-01,39,39,38.605,38.86,9950
2023-08-02,38.505,38.505,38.06,38.075,20941
2023-08-03,38.005,38.005,37.61,38,16504
2023-08-04,38.405,38.525,38.25,38.49,10861
2023-08-07,38.38,38.48,38.1,38.16,4990
2023-08-08,38.035,38.035,37.405,37.51,9105
2023-08-09,37.98,38.105,37.51,37.6,39150
2023-08-10,37.75,38.46,37.75,38.25,5735
2023-08-11,38.13,38.13,37.71,37.82,3220
2023-08-14,37.615,37.81,37.43,37.52,6414
2023-08-16,37.235,37.29,36.65,36.785,43953
2023-08-17,36.615,36.925,36.13,36.3,21118
2023-08-18,36,36.205,35.5,36.2,28166
2023-08-21,36.4,36.45,36.075,36.18,6939
2023-08-22,36.475,36.63,36.12,36.18,19801
2023-08-23,36.22,36.35,35.81,36.25,10328
2023-08-24,36.33,36.675,36.15,36.19,8051
2023-08-25,35.96,36.3,35.96,36,3363
2023-08-28,36.34,36.7,36.06,36.7,10634
2023-08-29,36.75,36.96,36.505,36.795,12162
2023-08-30,36.79,37,36.61,36.96,15867
2023-08-31,36.925,36.97,36.48,36.63,4483
2023-09-01,36.505,37.015,36.48,36.895,3721
2023-09-04,37.1,37.145,36.47,36.485,5232
2023-09-05,36.505,36.72,36.11,36.11,3261
2023-09-06,36.075,36.305,35.225,35.52,28685
2023-09-07,35.44,35.57,34.645,34.935,26191
2023-09-08,35.15,35.29,34.91,35.22,8667
2023-09-11,35.345,35.65,35.105,35.26,9187
2023-09-12,35.27,35.335,35.05,35.32,8629
2023-09-13,35.26,35.455,35.09,35.275,6921
2023-09-14,35.495,35.615,35.35,35.6,5262
2023-09-15,35.74,36.03,35.705,35.78,3126
2023-09-18,35.865,35.9,35.2,35.2,5404
2023-09-19,35.395,35.395,34.9,34.97,7822
2023-09-20,34.97,35.79,34.97,35.78,5982
2023-09-21,35.465,35.49,35.1,35.45,10100
2023-09-22,35.305,35.5,35.18,35.435,7238
2023-09-25,35.385,35.475,34.8,34.965,6131
2023-09-26,34.77,35.03,34.405,35.03,3748
2023-09-27,34.98,35.025,34.4,34.49,13586
2023-09-28,34.455,34.485,33.92,34.195,13462
2023-09-29,34.5,34.955,34.4,34.765,5284
2023-10-02,34.625,34.72,33.94,33.94,12896
2023-10-03,33.93,34.115,33.63,33.805,9521
2023-10-04,33.465,34.37,33.445,33.945,12048
2023-10-05,34.17,34.33,33.78,33.78,7943
2023-10-06,33.77,34.23,33.6,33.92,5759
2023-10-09,33.8,34.775,33.62,34.58,14419
2023-10-10,34.91,35.63,34.845,35.51,22070
2023-10-11,35.655,35.99,35.435,35.81,40243
2023-10-12,35.93,35.955,35.44,35.575,53237
2023-10-13,35.48,35.955,35.365,35.825,19957
2023-10-16,37.08,38,36.7,37.6,61267
2023-10-17,37.99,38.95,37.93,38.37,56423
2023-10-18,38.255,38.51,37.87,38.03,20254
2023-10-19,37.76,37.76,37.07,37.07,63601
2023-10-20,36.9,37.14,36.555,36.74,28765
2023-10-23,36.825,36.96,36.555,36.6,5286
2023-10-24,36.995,37.6,36.995,37.3,19235
2023-10-25,37.35,38.135,37.33,37.9,32583
2023-10-26,37.375,38.42,37.23,38.415,21982
2023-10-27,38.41,38.595,38.11,38.11,24301
2023-10-30,38.175,38.69,38.175,38.455,12529
2023-10-31,38.42,39.3,38.42,38.92,37668
2023-11-02,39.335,39.4,38.8,39.005,19257
2023-11-03,39.035,39.575,39.035,39.42,15569
2023-11-06,39.665,39.9,39.4,39.58,21066
2023-11-07,39.245,39.645,39.07,39.34,7639
2023-11-08,39.245,39.245,38.675,38.75,13905
2023-11-09,38.82,39.3,38.6,39.3,17402
2023-11-10,39.08,39.22,38.65,38.76,5947
2023-11-13,38.945,39.21,38.64,38.64,4879
2023-11-14,38.76,40.585,38.76,40.5,21893
2023-11-15,40.555,41,40.1,40.1,21835
2023-11-16,40.1,40.5,39.97,40.17,12530
2023-11-17,40.1,40.395,39.875,40.36,47692
2023-11-20,40.48,41.04,40.36,40.77,22412
2023-11-21,40.595,41.035,40.3,40.6,22431
2023-11-22,40.66,40.66,40.315,40.545,9738
2023-11-23,40.655,40.74,40.25,40.335,15348
2023-11-24,40.335,40.515,40.13,40.35,3587
2023-11-27,40.34,40.34,39.77,40.02,27466
2023-11-28,40.02,40.545,39.99,40.465,7627
2023-11-29,40.44,40.44,39.895,40.21,30937
2023-11-30,40.305,40.4,40.09,40.09,4814
2023-12-01,40.105,41.395,40.105,41.36,17389
2023-12-04,41.395,41.6,41.13,41.32,18391
2023-12-05,41.305,41.9,41,41,12471
2023-12-06,41.625,42.08,41.585,41.8,22572
2023-12-07,41.585,41.585,41.14,41.42,9243
2023-12-08,41.59,41.93,41.59,41.73,27641
2023-12-11,42,42.08,41.69,41.855,11330
2023-12-12,42,42.055,41.315,41.5,13467
2023-12-13,41.515,41.785,41.4,41.605,7010
2023-12-14,41.905,42.12,41.805,41.84,20689
2023-12-15,41.875,42.85,41.86,41.93,42234
2023-12-18,41.93,42.325,41.92,42.24,14604
2023-12-19,42.24,42.945,42.125,42.6,12438
2023-12-20,42.7,43.07,42.33,42.465,25401
2023-12-21,42.285,42.59,42.12,42.49,24937
2023-12-22,42.49,42.575,42.315,42.455,15578
2023-12-27,42.51,43,42.51,42.9,39007
2023-12-28,42.93,43,42.6,42.6,8835
2023-12-29,42.6,42.815,42.19,42.38,183520
2024-01-02,42.41,42.555,41.425,41.66,42946
2024-01-03,41.75,41.755,40.92,41.6,35391
2024-01-04,41.325,41.5,41.02,41.31,29485
2024-01-05,41.27,41.36,40.5,41.25,22639
2024-01-08,41.145,41.445,40.56,41.24,17936
2024-01-09,41.5,41.615,41.19,41.445,25712
2024-01-10,41.535,41.74,41.1,41.17,17716
2024-01-11,41.3,41.475,40.695,40.73,23839
2024-01-12,40.715,41.15,40.59,40.77,7415
2024-01-15,40.82,41.025,40.015,40.155,12128
2024-01-16,39.94,40.11,39.625,40.08,16947
2024-01-17,39.81,39.81,39.2,39.3,32259
2024-01-18,39.69,39.805,39.39,39.72,6627
2024-01-19,40.14,40.14,39.83,39.9,7131
2024-01-22,40.13,40.335,39.78,40,12616
2024-01-23,39.99,40.17,39.49,39.81,4409
2024-01-24,39.865,40.5,39.83,40.28,8798
2024-01-25,40.335,40.335,40,40.12,5978
2024-01-26,40.085,40.505,39.91,40.47,6683
2024-01-29,40.505,40.51,40.2,40.325,11314
2024-01-30,40.435,40.75,40.325,40.665,8664
2024-01-31,40.8,41.5,40.68,41.48,13350
2024-02-01,41.26,42.29,41.055,41.97,14701
2024-02-02,42.455,43.06,42.35,42.86,53153
2024-02-05,43.185,43.315,42.36,42.36,56941
2024-02-06,42.61,42.825,42.36,42.45,9023
2024-02-07,42.49,42.795,42.4,42.72,11849
2024-02-08,42.655,42.9,42.1,42.2,12506
2024-02-09,42.2,42.37,41.915,42.025,5711
2024-02-12,42.12,42.89,41.965,42.855,11722
2024-02-13,42.765,42.775,41.635,41.85,13681
2024-02-14,41.9,42.75,41.85,42.72,16956
2024-02-15,42.585,42.99,42.48,42.71,10215
2024-02-16,42.9,43.525,42.85,43.21,14643
2024-02-19,43.2,43.51,43.035,43.43,12114
2024-02-20,43.415,44.185,43.3,44.05,18625
2024-02-21,44.05,44.48,43.82,43.87,41653
2024-02-22,44.245,44.675,44.245,44.56,83381
2024-02-23,44.6,45.4,44.6,45,30322
2024-02-26,45.265,45.265,44.795,44.805,20287
2024-02-27,44.385,45.31,44.385,44.695,19133
2024-02-28,44.695,44.715,43.81,43.99,29501
2024-02-29,43.985,44.525,43.91,43.935,10666
2024-03-01,44.495,44.495,43.79,44.02,15499
2024-03-04,44.25,44.46,43.505,43.64,7386
2024-03-05,43.425,43.425,42.965,43.13,11657
2024-03-06,43.1,43.36,42.905,43.13,13691
2024-03-07,43.16,43.16,42.135,42.54,28807
2024-03-08,42.685,42.8,42.005,42.77,14257
2024-03-11,42.745,43.11,42.55,43.11,19337
2024-03-12,43.34,44.185,43.05,44.1,18113
2024-03-13,44.08,44.335,43.575,43.84,15896
2024-03-14,43.975,44.16,43.635,43.88,21069
2024-03-15,43.965,43.965,42.1,42.85,98167
2024-03-18,42.86,43.1,42.37,42.76,12144
2024-03-19,42.74,42.89,41.75,42.5,20494
2024-03-20,42.695,42.73,42.125,42.53,4301
2024-03-21,43.165,43.835,43.165,43.835,34284
2024-03-22,43.515,43.96,43.235,43.295,3476
2024-03-25,43.275,43.295,42.59,42.59,12855
2024-03-26,42.615,43.53,42.525,43.41,8200
2024-03-27,43.41,43.63,43.245,43.5,4313
2024-03-28,43.635,44.375,43.635,44.35,22282
2024-04-02,44.55,44.98,44.1,44.26,17835
2024-04-03,44.645,44.645,44,44.225,6171
2024-04-04,44.25,44.88,44.245,44.88,14390
2024-04-05,44.55,44.91,44.335,44.91,10538
2024-04-08,45.005,45.69,45.005,45.545,20693
2024-04-09,45.545,45.975,44.95,44.95,15022
2024-04-10,45.385,45.69,45.08,45.35,15191
2024-04-11,45.35,45.59,44.86,44.86,5728
2024-04-12,45.16,45.445,44.405,44.405,23662
2024-04-15,44.645,44.965,44.51,44.555,45782
2024-04-16,44,44.16,43.33,43.505,20364
2024-04-17,43.905,44.465,43.655,44.24,7393
2024-04-18,44.42,44.75,44,44.74,4003
2024-04-19,44.375,44.855,44.315,44.81,4173
2024-04-22,45.005,45.625,45.005,45.625,12275
2024-04-23,46,46.28,45.57,45.81,27721
2024-04-24,46.09,46.09,45.37,45.46,6629
2024-04-25,45.435,45.575,44.84,45,10480
2024-04-26,45.445,45.79,45.36,45.66,5354
2024-04-29,45.725,46.205,45.3,46.205,6239
2024-04-30,46.205,46.205,45.51,45.535,5221
2024-05-02,45.77,45.825,45.345,45.585,3460
2024-05-06,45.855,46.94,45.595,46.87,22345
2024-05-07,46.8,47.12,46.56,46.56,8244
2024-05-08,46.605,46.93,46.53,46.93,3993
2024-05-09,47.035,47.4,47.035,47.23,11756
2024-05-10,47.4,47.475,46.415,46.47,14892
2024-05-13,46.58,46.97,46.46,46.97,6845
2024-05-14,46.97,47.24,46.68,47.14,5512
2024-05-15,47.32,47.405,46.91,47.33,6291
2024-05-16,47.4,47.75,47.315,47.425,9661
2024-05-17,47.385,47.7,47,47.675,6552
2024-05-20,47.61,48.17,47.41,48.02,13938
2024-05-21,47.66,47.9,47.4,47.535,55289
2024-05-22,47.5,47.505,47.11,47.27,7814
2024-05-23,47.24,47.495,46.91,47.06,13145
2024-05-24,46.895,46.895,46.6,46.85,5039
2024-05-27,46.9,47.265,46.825,46.83,4117
2024-05-28,46.975,47.085,46.24,46.545,5397
2024-05-29,46.21,46.435,45.635,45.69,11993
2024-05-31,45.65,46.355,45.48,46.215,14361
2024-06-03,46.63,46.885,46.295,46.295,10375
2024-06-04,46.225,46.25,45.13,45.13,8728
2024-06-05,45.19,45.405,45.075,45.34,12785
2024-06-06,45.475,45.705,45.22,45.705,4204
2024-06-07,45.6,45.715,44.815,45.09,9106
2024-06-10,44.875,45.05,44.54,44.92,9071
2024-06-11,45.1,45.2,44.52,44.55,6579
2024-06-12,44.755,45.43,44.62,45.29,6563
2024-06-13,45.21,45.21,44.455,44.585,10509
2024-06-14,44.56,44.73,44.2,44.655,9807
2024-06-17,44.7,45.575,44.7,45.575,3266
2024-06-18,45.95,46.14,45.56,45.56,11535
2024-06-19,45.56,46.27,45.425,46.18,5839
2024-06-20,46.185,46.67,46.05,46.215,7378
2024-06-21,46.345,46.545,46.055,46.205,6080
2024-06-24,46.24,47.275,46.24,47.13,12531
2024-06-25,47.075,47.51,46.915,47.27,3894
2024-06-26,47.28,47.715,47.16,47.16,14793
2024-06-27,47.13,47.63,47.125,47.325,4153
2024-06-28,47.5,47.8,47.44,47.53,8102
2024-07-01,47.75,47.82,47.365,47.4,5495
2024-07-02,47.395,47.395,46.795,46.94,5690
2024-07-03,47.375,47.565,47.045,47.2,3626
2024-07-04,47.5,47.525,47.035,47.24,3123
2024-07-05,47.27,47.53,46.675,46.805,5926
2024-07-08,46.805,47.265,46.75,47.135,14703
2024-07-09,47.17,47.285,46.965,47.17,4850
2024-07-10,47.105,47.31,46.72,46.8,12566
2024-07-11,47,47.36,46.855,47.29,10906
2024-07-12,47.25,47.745,47.13,47.64,12596
2024-07-15,47.585,47.7,47.29,47.7,5266
2024-07-16,47.35,47.555,46.14,46.14,21793
2024-07-17,46.19,46.5,45.045,45.51,30779
2024-07-18,45.505,46.44,45.5,46.29,5612
2024-07-19,46.03,46.23,45.585,46.02,12850
2024-07-22,45.99,46.37,45.85,46.05,6465
2024-07-23,46.115,46.115,45.2,45.385,18978
2024-07-24,45.05,45.535,45,45.195,3751
2024-07-25,44.49,44.83,44.16,44.83,36757
2024-07-26,45,45.1,44.56,44.57,2734
2024-07-29,44.97,45.245,44.585,44.795,28727
2024-07-30,44.84,45.155,44.29,44.29,5623
2024-07-31,44.605,45.025,44.565,44.94,5798
2024-08-01,45.02,45.09,44.02,44.095,7881
2024-08-02,43.545,43.76,43.165,43.435,14293
2024-08-05,41.345,42.27,41.175,42.1,79162
2024-08-06,42.42,42.81,41.155,41.525,66124
2024-08-07,41.78,42.025,41.6,41.81,11247
2024-08-08,41.54,42.32,40.995,42.32,78181
2024-08-09,42.62,42.85,42.035,42.255,15431
2024-08-12,42.555,43.695,42.555,43.695,9954
2024-08-13,44.03,44.03,43.47,43.7,5044
2024-08-14,43.73,44.045,43.65,43.81,17514
2024-08-16,44.525,45.205,44.525,45.205,17899
2024-08-19,45.215,45.555,44.99,45.35,23670
2024-08-20,45.555,45.555,44.54,44.54,7108
2024-08-21,44.615,45.015,44.615,44.99,6169
2024-08-22,44.99,45.305,44.82,44.83,3513
2024-08-23,44.84,45.15,44.835,45.02,10754
2024-08-26,45,45.125,44.7,44.72,8189
2024-08-27,44.655,45,44.28,44.705,5334
2024-08-28,44.705,44.885,44.325,44.62,2661
2024-08-29,44.475,45.095,44.475,44.98,3476
2024-08-30,45.005,45.33,44.9,45.105,11342
2024-09-02,45.105,46.18,44.705,45.97,10191
2024-09-03,46.035,46.095,45.085,45.14,8217
2024-09-04,44.52,45,44.52,44.765,11285
2024-09-05,44.765,45.2,44.325,44.325,6816
2024-09-06,44.36,44.465,43.39,43.42,11251
2024-09-09,43.41,43.82,43.39,43.605,8070
2024-09-10,43.605,43.82,43.05,43.18,5490
2024-09-11,42.915,43.05,42.3,42.33,9293
2024-09-12,43,43.28,42.86,42.93,2536
2024-09-13,43.05,43.85,43.01,43.72,4310
2024-09-16,43.675,43.795,43.29,43.29,4992
2024-09-17,43.42,44.2,43.42,44.01,2115
2024-09-18,44.265,44.34,43.72,43.855,4450
2024-09-19,44.085,44.4,44.065,44.19,8283
2024-09-20,44.2,44.36,43.115,43.445,6808
2024-09-23,43.445,43.555,43.065,43.465,5145
2024-09-24,43.855,44.66,43.855,44.41,3874
2024-09-25,44.4,44.75,44.28,44.605,2285
2024-09-26,45,45.31,44.83,45,8995
2024-09-27,45.1,45.385,44.72,45.355,4360
2024-09-30,45.25,45.3,44.225,44.245,5730
2024-10-01,44.245,44.5,43.7,43.9,16186
2024-10-02,44.135,44.5,43.815,44.07,5783
2024-10-03,43.995,43.995,43.31,43.39,8093
2024-10-04,43.635,43.715,43.21,43.57,6986
2024-10-07,43.8,43.8,43.15,43.405,7017
2024-10-08,43.28,43.71,42.97,43.475,5204
2024-10-09,43.475,44.27,43.47,44.16,5191
2024-10-10,44.295,44.4,43.85,43.915,1248
2024-10-11,44,44.585,44,44.43,5445
2024-10-14,44.43,44.565,44.25,44.31,18137
2024-10-15,44.545,44.585,43.97,44.22,12480
2024-10-16,44.22,44.755,44.015,44.715,9966
2024-10-17,44.66,44.66,43.475,43.52,10032
2024-10-18,43.835,44.105,43.755,43.885,3494
2024-10-21,43.935,44.03,43.3,43.33,12675
2024-10-22,43.48,43.48,42.81,42.84,9613
2024-10-23,42.815,43.03,42.395,42.995,35672
2024-10-24,42.955,43.39,42.715,42.75,5020
2024-10-25,42.755,42.855,42.4,42.75,6747
2024-10-28,43.085,43.1,42.505,42.75,4450
2024-10-29,42.845,43.535,42.79,43.535,19949
2024-10-30,43.415,43.49,42.31,42.45,17783
2024-10-31,42.27,42.3,41.86,41.98,15798
2024-11-04,42.4,42.955,42.21,42.875,23975
2024-11-05,42.93,42.93,42.26,42.57,7417
2024-11-06,42.7,43.8,42.6,42.65,14713
2024-11-07,43,44.1,43,43.97,17594
2024-11-08,44.155,44.155,43.5,43.74,6474
2024-11-12,43.485,43.7,42.93,42.93,11101
2024-11-13,42.92,42.92,42.3,42.46,6151
2024-11-14,42.425,42.75,42,42.75,31605
2024-11-15,42.635,42.66,41.65,41.65,32024
2024-11-18,41.805,42.025,41.2,41.57,17058
2024-11-19,41.88,41.895,39.61,40.4,64553
2024-11-20,40.89,41.08,40.53,40.8,32925
2024-11-21,41,41.59,40.57,41.44,34674
2024-11-22,41.655,41.815,40.76,41.74,8249
2024-11-25,42.26,42.26,41.755,41.98,26689
2024-11-26,41.955,42.3,41.6,41.85,27388
2024-11-27,41.98,41.98,41.285,41.6,22410
2024-11-28,41.82,42.025,41.415,41.65,7993
2024-11-29,41.65,41.89,41.5,41.68,6390
2024-12-02,42.255,42.8,41.835,42.75,23553
2024-12-03,42.965,42.965,42.4,42.595,7635
2024-12-04,42.635,43.385,42.635,43.16,18454
2024-12-05,43.45,44,43.205,43.98,8245
2024-12-06,43.98,44.28,43.8,43.94,15249
2024-12-09,43.99,44.28,43.765,44.05,15450
2024-12-10,44.05,44.145,43.515,44.04,21381
2024-12-11,43.985,43.985,43.62,43.665,16161
2024-12-12,43.51,43.835,43.07,43.365,8635
2024-12-13,43.365,43.5,43.115,43.24,10143
2024-12-16,43.455,43.455,42.92,43.16,11331
2024-12-17,43.19,43.19,42.07,42.07,26948
2024-12-18,42.275,42.545,42.065,42.385,25716
2024-12-19,41.91,42.41,41.71,42.32,43352
2024-12-20,42.185,42.185,41.5,41.85,60135
2024-12-23,42.225,42.44,41.865,41.88,54668
2024-12-27,41.785,41.93,41.65,41.92,13657
2024-12-30,41.92,42.06,41.55,41.68,17869
2025-01-02,42.205,42.455,41.87,42.34,19855
2025-01-03,42.355,42.825,42.3,42.45,13401
2025-01-07,43.06,43.315,42.79,42.88,18520
2025-01-08,42.62,42.945,42.11,42.365,6952
2025-01-09,42.365,42.73,42.2,42.73,11050
2025-01-10,42.73,43.09,42.595,42.91,15868
2025-01-13,42.945,42.945,42.05,42.22,35100
2025-01-14,42.465,42.8,42.27,42.49,11990
2025-01-15,42.645,43.495,42.52,43.44,17685
2025-01-16,43.6,43.6,43.15,43.31,17290
2025-01-17,43.385,44,43.385,43.86,12514
2025-01-20,44.18,44.4,43.8,44.2,21569
2025-01-21,44.32,44.32,44,44.32,18233
2025-01-22,44.5,45.12,44.45,44.95,15228
2025-01-23,44.665,45.06,44.605,44.945,16135
2025-01-24,45.18,45.36,44.975,45.18,21380
2025-01-27,45,45.2,44.53,45.2,18845
2025-01-28,45.395,45.675,45.3,45.64,7665
2025-01-29,45.84,45.91,45.55,45.59,20727
2025-01-30,45.8,46.45,45.8,46.45,14758
2025-01-31,46.42,46.5,46.135,46.25,8885
2025-02-03,46.07,46.09,45.125,45.475,18737
2025-02-04,45.675,45.9,45.265,45.89,5219
2025-02-05,45.95,46.155,45.215,45.555,8927
2025-02-06,46.035,46.75,45.78,46.75,18903
2025-02-07,47,47.485,46.805,47.28,23613
2025-02-10,47.35,47.8,47.185,47.65,18906
2025-02-11,47.63,48.25,47.5,48.17,15200
2025-02-12,48.57,48.985,47,48.81,54644
2025-02-13,49.215,49.725,48.98,49.265,39640
2025-02-14,49.375,49.495,48.735,48.985,28405
2025-02-17,48.87,49.575,48.675,49.34,36592
2025-02-18,49.745,50.84,49.625,50.8,50573
2025-02-19,50.97,51.23,49.755,50.06,31365
2025-02-20,49.935,50.03,49.545,49.61,23347
2025-02-21,49.835,50.16,49.67,49.74,20270
2025-02-24,49.475,49.475,48.43,48.6,19977
2025-02-25,48.63,49.24,48.385,48.86,17211
2025-02-26,49.47,49.8,49.29,49.78,15418
2025-02-27,49.595,50,48.32,49.25,18160
2025-02-28,48.8,49.2,48.56,49,15510
2025-03-03,48.93,49.575,48.375,49.42,20781
2025-03-04,48.64,48.665,47.48,47.48,28280
2025-03-05,48.81,49.285,48.615,49.23,17148
2025-03-06,49.545,50.12,49.335,50.12,19639
2025-03-07,49.815,50.36,49.6,50.19,32263
2025-03-10,50.33,50.33,48.875,49.19,17285
2025-03-11,49.34,49.86,48.9,49.08,12134
2025-03-12,49.58,49.98,49.56,49.89,16597
2025-03-13,49.97,51.15,49.955,50.96,47458
2025-03-14,50.96,52.5,50.88,52.31,28609
2025-03-17,52.48,52.87,52.31,52.76,24585
2025-03-18,53.09,53.71,52.9,53.21,24870
2025-03-19,52.81,53.21,52.6,52.79,17436
2025-03-20,52.91,52.91,51.81,52.3,20227
2025-03-21,52.17,52.23,51.31,51.76,10051
2025-03-24,52.14,52.62,52.02,52.48,6235
2025-03-25,52.77,53.35,52.45,53.18,17196
2025-03-26,53.33,53.33,52.34,52.59,43985
2025-03-27,52.25,53.05,52.01,52.72,9583
2025-03-28,52.45,52.71,52.09,52.26,5077
2025-03-31,51.73,51.73,50.63,51.07,25532
2025-04-01,51.22,52.21,51.22,51.93,10449
2025-04-02,52.19,52.2,51.59,52.14,19315
