"Data","Ostatnio","Otwarcie","Max.","Min.","Zmiana%"
"03.04.2025","5,576","5,700","5,700","5,538","-2,16%"
"02.04.2025","5,699","5,683","5,700","5,620","0,21%"
"01.04.2025","5,687","5,758","5,759","5,664","-0,68%"
"31.03.2025","5,726","5,809","5,809","5,717","-1,14%"
"28.03.2025","5,792","5,809","5,849","5,792","-0,58%"
"27.03.2025","5,826","5,836","5,878","5,799","-0,29%"
"26.03.2025","5,843","5,837","5,850","5,774","0,72%"
"25.03.2025","5,801","5,901","5,905","5,801","-0,51%"
"24.03.2025","5,831","5,901","5,901","5,812","0,17%"
"21.03.2025","5,821","5,884","5,884","5,805","0,26%"
"20.03.2025","5,806","5,902","5,923","5,773","-0,68%"
"19.03.2025","5,846","5,884","5,932","5,843","0,48%"
"18.03.2025","5,818","5,908","5,930","5,818","-0,70%"
"17.03.2025","5,859","5,901","5,914","5,850","-0,61%"
"14.03.2025","5,895","5,966","5,985","5,879","-0,39%"
"13.03.2025","5,918","6,021","6,024","5,918","-1,04%"
"12.03.2025","5,980","6,003","6,016","5,942","0,10%"
"11.03.2025","5,974","6,006","6,019","5,942","-0,05%"
"10.03.2025","5,977","6,021","6,021","5,949","-0,08%"
"07.03.2025","5,982","5,990","6,017","5,931","0,27%"
"06.03.2025","5,966","5,970","6,013","5,883","2,00%"
"05.03.2025","5,849","5,926","5,940","5,810","1,04%"
"04.03.2025","5,789","5,847","5,847","5,783","-0,02%"
"03.03.2025","5,790","5,793","5,859","5,790","0,23%"
"28.02.2025","5,777","5,822","5,824","5,740","-0,17%"
"27.02.2025","5,787","5,831","5,882","5,745","-0,29%"
"26.02.2025","5,804","5,871","5,871","5,791","-0,02%"
"25.02.2025","5,805","5,872","5,897","5,805","-1,01%"
"24.02.2025","5,864","5,900","5,923","5,864","-0,02%"
"21.02.2025","5,865","5,872","5,940","5,830","0,12%"
"20.02.2025","5,858","5,866","5,936","5,833","0,88%"
"19.02.2025","5,807","5,866","5,918","5,807","-1,51%"
"18.02.2025","5,896","5,847","5,896","5,765","0,58%"
"17.02.2025","5,862","5,799","5,862","5,778","2,25%"
"14.02.2025","5,733","5,868","5,919","5,733","-2,13%"
"13.02.2025","5,858","5,960","5,960","5,826","-2,92%"
"12.02.2025","6,034","5,895","6,034","5,856","2,69%"
"11.02.2025","5,876","5,854","5,935","5,815","1,31%"
"10.02.2025","5,800","5,860","5,877","5,800","-0,79%"
"07.02.2025","5,846","5,830","5,854","5,755","1,78%"
"06.02.2025","5,744","5,891","5,908","5,744","-1,07%"
"05.02.2025","5,806","5,895","5,901","5,806","-1,07%"
"04.02.2025","5,869","5,909","5,913","5,847","0,39%"
"03.02.2025","5,846","5,862","5,922","5,846","0,45%"
"31.01.2025","5,820","5,897","5,897","5,820","-0,73%"
"30.01.2025","5,863","5,907","5,911","5,863","-1,30%"
"29.01.2025","5,940","5,960","5,960","5,894","-0,52%"
"28.01.2025","5,971","5,971","5,983","5,904","0,08%"
"27.01.2025","5,966","5,968","5,994","5,922","-0,13%"
"24.01.2025","5,974","5,977","5,994","5,947","0,08%"
"23.01.2025","5,969","5,935","5,969","5,883","1,69%"
"22.01.2025","5,870","5,973","5,973","5,864","-1,23%"
"21.01.2025","5,943","5,973","6,030","5,934","-0,29%"
"20.01.2025","5,960","5,932","6,035","5,932","0,71%"
"17.01.2025","5,918","5,947","6,003","5,914","0,32%"
"16.01.2025","5,899","6,063","6,082","5,899","-1,85%"
"15.01.2025","6,010","6,125","6,126","5,986","-1,88%"
"14.01.2025","6,125","6,033","6,152","6,033","1,58%"
"13.01.2025","6,030","6,012","6,102","6,012","0,74%"
"10.01.2025","5,986","6,048","6,096","5,986","-0,07%"
"09.01.2025","5,990","5,978","6,019","5,957","0,49%"
"08.01.2025","5,961","5,992","5,992","5,961","-0,82%"
"07.01.2025","6,010","6,017","6,055","5,952","2,05%"
"03.01.2025","5,889","5,910","5,979","5,863","0,43%"
"02.01.2025","5,864","5,917","5,917","5,853","-0,41%"
"30.12.2024","5,888","5,862","5,974","5,862","0,62%"
"27.12.2024","5,852","5,879","5,930","5,852","1,19%"
"23.12.2024","5,783","5,901","5,901","5,783","-0,16%"
"20.12.2024","5,792","5,915","5,949","5,792","-2,05%"
"19.12.2024","5,913","5,893","5,958","5,879","2,34%"
"18.12.2024","5,778","5,893","5,948","5,778","-1,78%"
"17.12.2024","5,883","5,873","5,930","5,870","-0,02%"
"16.12.2024","5,884","5,833","5,884","5,768","0,74%"
"13.12.2024","5,841","5,751","5,841","5,731","2,04%"
"12.12.2024","5,724","5,708","5,756","5,666","1,78%"
"11.12.2024","5,624","5,663","5,723","5,624","-0,50%"
"10.12.2024","5,652","5,695","5,705","5,626","0,59%"
"09.12.2024","5,619","5,652","5,718","5,619","-0,14%"
"06.12.2024","5,627","5,772","5,772","5,627","-0,50%"
"05.12.2024","5,655","5,631","5,792","5,631","0,86%"
"04.12.2024","5,607","5,589","5,625","5,573","0,43%"
"03.12.2024","5,583","5,594","5,628","5,501","-0,52%"
"02.12.2024","5,612","5,539","5,612","5,493","1,69%"
"29.11.2024","5,519","5,587","5,611","5,519","-0,67%"
"28.11.2024","5,556","5,644","5,647","5,556","-1,19%"
"27.11.2024","5,623","5,648","5,652","5,588","0,25%"
"26.11.2024","5,609","5,604","5,710","5,575","0,34%"
"25.11.2024","5,590","5,583","5,634","5,548","-0,16%"
"22.11.2024","5,599","5,621","5,627","5,533","0,48%"
"21.11.2024","5,572","5,642","5,649","5,572","-0,04%"
"20.11.2024","5,574","5,707","5,707","5,574","-0,78%"
"19.11.2024","5,618","5,779","5,779","5,618","-1,14%"
"18.11.2024","5,683","5,750","5,813","5,683","0,21%"
"15.11.2024","5,671","5,761","5,765","5,669","-0,70%"
"14.11.2024","5,711","5,831","5,857","5,711","-1,25%"
"13.11.2024","5,783","5,814","5,815","5,761","-0,77%"
"12.11.2024","5,828","5,575","5,828","5,575","3,44%"
"08.11.2024","5,634","5,688","5,768","5,634","-0,77%"
"07.11.2024","5,678","5,797","5,860","5,678","-1,42%"
"06.11.2024","5,760","5,729","5,894","5,729","1,61%"
"05.11.2024","5,669","5,802","5,802","5,669","-0,74%"
"04.11.2024","5,711","6,019","6,030","5,711","-3,30%"
"31.10.2024","5,906","6,031","6,064","5,906","-1,07%"
"30.10.2024","5,970","5,901","6,000","5,813","2,24%"
"29.10.2024","5,839","5,901","5,980","5,839","0,72%"
"28.10.2024","5,797","5,863","5,863","5,797","-0,55%"
"25.10.2024","5,829","5,783","5,829","5,741","1,98%"
"24.10.2024","5,716","5,862","5,862","5,716","-1,57%"
"23.10.2024","5,807","5,788","5,879","5,763","1,45%"
"22.10.2024","5,724","5,775","5,818","5,711","1,45%"
"21.10.2024","5,642","5,629","5,705","5,606","0,45%"
"18.10.2024","5,617","5,740","5,740","5,555","0,38%"
"17.10.2024","5,596","5,588","5,685","5,578","1,82%"
"16.10.2024","5,496","5,472","5,585","5,454","-0,78%"
"15.10.2024","5,539","5,569","5,569","5,477","0,05%"
"14.10.2024","5,536","5,555","5,625","5,536","0,71%"
"11.10.2024","5,497","5,509","5,586","5,475","-0,70%"
"10.10.2024","5,536","5,469","5,536","5,468","2,46%"
"09.10.2024","5,403","5,462","5,497","5,403","-0,39%"
"08.10.2024","5,424","5,512","5,512","5,406","-1,63%"
"07.10.2024","5,514","5,459","5,515","5,450","2,72%"
"04.10.2024","5,368","5,338","5,446","5,333","1,61%"
"03.10.2024","5,283","5,348","5,387","5,283","-0,66%"
"02.10.2024","5,318","5,319","5,376","5,310","1,72%"
"01.10.2024","5,228","5,277","5,307","5,228","-1,49%"
"30.09.2024","5,307","5,272","5,307","5,232","1,73%"
"27.09.2024","5,217","5,293","5,293","5,217","-1,29%"
"26.09.2024","5,285","5,386","5,386","5,285","-1,69%"
"25.09.2024","5,376","5,409","5,420","5,376","0,19%"
"24.09.2024","5,366","5,388","5,440","5,366","-0,96%"
"23.09.2024","5,418","5,394","5,418","5,288","1,75%"
"20.09.2024","5,325","5,341","5,393","5,318","-0,75%"
"19.09.2024","5,365","5,379","5,379","5,290","0,39%"
"18.09.2024","5,344","5,314","5,344","5,269","1,81%"
"17.09.2024","5,249","5,295","5,315","5,249","-1,32%"
"16.09.2024","5,319","5,289","5,319","5,220","1,82%"
"13.09.2024","5,224","5,296","5,296","5,224","-0,32%"
"12.09.2024","5,241","5,268","5,304","5,241","0,90%"
"11.09.2024","5,194","5,293","5,312","5,194","-2,59%"
"10.09.2024","5,332","5,332","5,332","5,247","-0,02%"
"09.09.2024","5,333","5,318","5,333","5,276","2,20%"
"06.09.2024","5,218","5,351","5,352","5,218","-1,51%"
"05.09.2024","5,298","5,354","5,389","5,298","-1,08%"
"04.09.2024","5,356","5,389","5,392","5,335","-1,98%"
"03.09.2024","5,464","5,484","5,498","5,415","-0,78%"
"02.09.2024","5,507","5,487","5,531","5,424","0,27%"
"30.08.2024","5,492","5,545","5,545","5,388","0,27%"
"29.08.2024","5,477","5,522","5,618","5,477","0,55%"
"28.08.2024","5,447","5,409","5,521","5,391","0,42%"
"27.08.2024","5,424","5,353","5,424","5,349","2,71%"
"26.08.2024","5,281","5,319","5,367","5,279","0,04%"
"23.08.2024","5,279","5,362","5,383","5,279","-2,28%"
"22.08.2024","5,402","5,343","5,402","5,341","2,23%"
"21.08.2024","5,284","5,371","5,372","5,269","-1,07%"
"20.08.2024","5,341","5,428","5,428","5,341","-0,60%"
"19.08.2024","5,373","5,349","5,431","5,294","1,88%"
"16.08.2024","5,274","5,268","5,352","5,260","1,23%"
"14.08.2024","5,210","5,197","5,210","5,159","1,80%"
"13.08.2024","5,118","5,241","5,241","5,118","-1,31%"
"12.08.2024","5,186","5,269","5,310","5,186","-0,23%"
"09.08.2024","5,198","5,283","5,283","5,195","-0,67%"
"08.08.2024","5,233","5,224","5,309","5,195","0,11%"
"07.08.2024","5,227","5,149","5,254","5,148","2,11%"
"06.08.2024","5,119","5,170","5,170","5,086","0,04%"
"05.08.2024","5,117","5,173","5,173","5,068","-0,20%"
"02.08.2024","5,127","5,361","5,367","5,127","-3,06%"
"01.08.2024","5,289","5,439","5,439","5,289","-1,67%"
"31.07.2024","5,379","5,559","5,571","5,379","-2,43%"
"30.07.2024","5,513","5,623","5,625","5,513","-2,72%"
"29.07.2024","5,667","5,639","5,667","5,600","1,36%"
"26.07.2024","5,591","5,653","5,698","5,591","-1,27%"
"25.07.2024","5,663","5,592","5,663","5,574","0,94%"
"24.07.2024","5,610","5,647","5,647","5,573","0,23%"
"23.07.2024","5,597","5,686","5,686","5,597","-0,04%"
"22.07.2024","5,599","5,660","5,673","5,599","-0,14%"
"19.07.2024","5,607","5,580","5,672","5,580","-0,81%"
"18.07.2024","5,653","5,557","5,653","5,557","2,95%"
"17.07.2024","5,491","5,574","5,577","5,486","-1,65%"
"16.07.2024","5,583","5,647","5,659","5,518","-1,74%"
"15.07.2024","5,682","5,678","5,691","5,626","0,48%"
"13.07.2024","5,655","5,655","5,655","5,655","-1,15%"
"12.07.2024","5,721","5,733","5,733","5,659","-0,45%"
"11.07.2024","5,747","5,752","5,770","5,692","-0,76%"
"10.07.2024","5,791","5,811","5,811","5,730","0,45%"
"09.07.2024","5,765","5,806","5,813","5,764","0,51%"
"08.07.2024","5,736","5,830","5,840","5,736","-0,71%"
"05.07.2024","5,777","5,863","5,913","5,777","-1,87%"
"04.07.2024","5,887","5,788","5,887","5,773","1,43%"
"03.07.2024","5,804","5,828","5,828","5,756","1,01%"
"02.07.2024","5,746","5,823","5,831","5,746","-0,50%"
"01.07.2024","5,775","5,790","5,836","5,775","1,32%"
"28.06.2024","5,700","5,766","5,811","5,700","0,12%"
"27.06.2024","5,693","5,792","5,806","5,693","-0,14%"
"26.06.2024","5,701","5,766","5,779","5,701","0,46%"
"25.06.2024","5,675","5,765","5,774","5,675","-1,42%"
"24.06.2024","5,757","5,783","5,799","5,699","0,54%"
"21.06.2024","5,726","5,825","5,825","5,726","-1,26%"
"20.06.2024","5,799","5,837","5,876","5,799","1,12%"
"19.06.2024","5,735","5,788","5,807","5,735","-0,90%"
"18.06.2024","5,787","5,856","5,863","5,767","0,12%"
"17.06.2024","5,780","5,757","5,790","5,753","0,78%"
"14.06.2024","5,735","5,706","5,738","5,706","0,24%"
"13.06.2024","5,721","5,671","5,762","5,671","0,88%"
"12.06.2024","5,671","5,739","5,772","5,662","-1,24%"
"11.06.2024","5,742","5,749","5,760","5,729","-0,33%"
"10.06.2024","5,761","5,722","5,802","5,721","1,46%"
"08.06.2024","5,678","5,678","5,678","5,678","-0,18%"
"07.06.2024","5,688","5,671","5,733","5,600","0,69%"
"06.06.2024","5,649","5,598","5,685","5,597","0,75%"
"05.06.2024","5,607","5,618","5,668","5,594","-0,20%"
"04.06.2024","5,618","5,630","5,670","5,604","-0,23%"
"03.06.2024","5,631","5,725","5,743","5,603","-1,35%"
"31.05.2024","5,708","5,742","5,770","5,699","-0,78%"
"30.05.2024","5,753","5,749","5,753","5,749","-0,14%"
"29.05.2024","5,761","5,837","5,852","5,747","-0,79%"
"28.05.2024","5,807","5,834","5,864","5,795","-0,12%"
"27.05.2024","5,814","5,861","5,861","5,804","-0,14%"
"24.05.2024","5,822","5,777","5,888","5,735","1,53%"
"23.05.2024","5,734","5,693","5,760","5,682","0,93%"
"22.05.2024","5,681","5,686","5,751","5,672","0,04%"
"21.05.2024","5,679","5,678","5,694","5,664","-0,02%"
"20.05.2024","5,680","5,725","5,733","5,665","0,30%"
"18.05.2024","5,663","5,663","5,663","5,663","-0,19%"
"17.05.2024","5,674","5,664","5,683","5,658","0,60%"
"16.05.2024","5,640","5,646","5,678","5,620","-0,09%"
"15.05.2024","5,645","5,761","5,761","5,639","-1,24%"
"14.05.2024","5,716","5,659","5,740","5,655","1,01%"
"13.05.2024","5,659","5,603","5,682","5,603","1,02%"
"10.05.2024","5,602","5,630","5,630","5,553","-0,05%"
"09.05.2024","5,605","5,597","5,645","5,590","0,18%"
"08.05.2024","5,595","5,569","5,628","5,569","0,34%"
"07.05.2024","5,576","5,619","5,634","5,570","-0,38%"
"06.05.2024","5,597","5,659","5,659","5,593","-1,25%"
"03.05.2024","5,668","5,668","5,668","5,668","-0,16%"
"02.05.2024","5,677","5,724","5,743","5,613","-0,61%"
"01.05.2024","5,712","5,713","5,713","5,712","-0,17%"
"30.04.2024","5,722","5,705","5,768","5,688","0,23%"
"29.04.2024","5,709","5,782","5,782","5,690","-0,90%"
"26.04.2024","5,761","5,821","5,850","5,752","-1,03%"
"25.04.2024","5,821","5,750","5,846","5,702","1,22%"
"24.04.2024","5,751","5,790","5,792","5,738","-0,16%"
"23.04.2024","5,760","5,772","5,820","5,746","0,07%"
"22.04.2024","5,756","5,855","5,874","5,748","-1,60%"
"20.04.2024","5,850","5,850","5,850","5,850","-0,26%"
"19.04.2024","5,865","5,750","5,884","5,735","2,32%"
"18.04.2024","5,732","5,783","5,820","5,684","-1,17%"
"17.04.2024","5,800","5,864","5,906","5,778","-1,26%"
"16.04.2024","5,874","5,755","5,890","5,755","2,07%"
"15.04.2024","5,755","5,714","5,786","5,684","1,57%"
"12.04.2024","5,666","5,707","5,727","5,641","-0,72%"
"11.04.2024","5,707","5,635","5,740","5,635","1,28%"
"10.04.2024","5,635","5,543","5,658","5,532","1,66%"
"09.04.2024","5,543","5,570","5,622","5,535","-0,48%"
"08.04.2024","5,570","5,599","5,612","5,564","0,45%"
"05.04.2024","5,545","5,466","5,579","5,444","1,45%"
"04.04.2024","5,466","5,486","5,530","5,430","-0,42%"
"03.04.2024","5,489","5,478","5,549","5,467","0,16%"
"02.04.2024","5,480","5,365","5,531","5,365","0,86%"
"01.04.2024","5,433","5,433","5,433","5,433","0,02%"
"29.03.2024","5,432","5,433","5,433","5,432","-0,19%"
"28.03.2024","5,443","5,490","5,523","5,418","-0,78%"
"27.03.2024","5,486","5,556","5,576","5,479","-1,37%"
"26.03.2024","5,562","5,610","5,610","5,544","-0,61%"
"25.03.2024","5,596","5,549","5,608","5,545","0,85%"
"22.03.2024","5,549","5,487","5,616","5,482","0,95%"
"21.03.2024","5,497","5,485","5,514","5,429","-0,02%"
"20.03.2024","5,498","5,487","5,516","5,449","0,07%"
"19.03.2024","5,494","5,562","5,603","5,489","-1,19%"
"18.03.2024","5,560","5,439","5,562","5,439","2,06%"
"15.03.2024","5,448","5,469","5,503","5,414","-0,38%"
"14.03.2024","5,469","5,430","5,487","5,394","0,61%"
"13.03.2024","5,436","5,392","5,467","5,379","0,82%"
"12.03.2024","5,392","5,324","5,399","5,322","1,28%"
"11.03.2024","5,324","5,288","5,334","5,259","1,15%"
"09.03.2024","5,264","5,264","5,264","5,264","-0,22%"
"08.03.2024","5,275","5,292","5,292","5,263","-0,45%"
"07.03.2024","5,299","5,306","5,337","5,265","0,47%"
"06.03.2024","5,274","5,235","5,334","5,235","0,74%"
"05.03.2024","5,235","5,253","5,268","5,210","-0,36%"
"04.03.2024","5,254","5,255","5,282","5,227","-0,02%"
"01.03.2024","5,255","5,316","5,373","5,246","-1,28%"
"29.02.2024","5,323","5,323","5,410","5,312","-0,63%"
"28.02.2024","5,357","5,370","5,407","5,329","-0,24%"
"27.02.2024","5,370","5,331","5,386","5,278","0,73%"
"26.02.2024","5,331","5,329","5,336","5,288","0,04%"
"23.02.2024","5,329","5,395","5,454","5,300","-1,22%"
"22.02.2024","5,395","5,454","5,511","5,364","-1,08%"
"21.02.2024","5,454","5,432","5,473","5,391","0,44%"
"20.02.2024","5,430","5,505","5,514","5,426","-1,54%"
"19.02.2024","5,515","5,445","5,571","5,445","1,29%"
"16.02.2024","5,445","5,364","5,491","5,364","1,51%"
"15.02.2024","5,364","5,405","5,409","5,299","-0,76%"
"14.02.2024","5,405","5,479","5,519","5,398","-1,35%"
"13.02.2024","5,479","5,420","5,526","5,408","1,09%"
"12.02.2024","5,420","5,354","5,467","5,346","1,06%"
"09.02.2024","5,363","5,396","5,420","5,344","-0,32%"
"08.02.2024","5,380","5,342","5,477","5,338","0,67%"
"07.02.2024","5,344","5,304","5,389","5,282","0,75%"
"06.02.2024","5,304","5,315","5,377","5,304","-1,01%"
"05.02.2024","5,358","5,259","5,403","5,259","1,86%"
"02.02.2024","5,260","5,159","5,304","5,109","2,24%"
"01.02.2024","5,145","5,209","5,271","5,140","-1,25%"
"31.01.2024","5,210","5,335","5,335","5,206","-3,21%"
"30.01.2024","5,383","5,393","5,437","5,343","-0,70%"
"29.01.2024","5,421","5,415","5,466","5,370","0,13%"
"26.01.2024","5,414","5,368","5,465","5,368","0,67%"
"25.01.2024","5,378","5,408","5,513","5,376","-0,57%"
"24.01.2024","5,409","5,369","5,453","5,297","1,65%"
"23.01.2024","5,321","5,280","5,370","5,260","1,16%"
"22.01.2024","5,260","5,268","5,307","5,198","-1,11%"
"19.01.2024","5,319","5,272","5,320","5,190","1,31%"
"18.01.2024","5,250","5,246","5,294","5,199","-0,23%"
"17.01.2024","5,262","5,273","5,306","5,224","1,06%"
"16.01.2024","5,207","5,184","5,269","5,151","1,13%"
"15.01.2024","5,149","5,133","5,195","5,107","0,98%"
"13.01.2024","5,099","5,099","5,099","5,099","0,24%"
"12.01.2024","5,087","5,135","5,135","4,959","-0,16%"
"11.01.2024","5,095","5,172","5,172","5,035","-2,06%"
"10.01.2024","5,202","5,148","5,202","5,071","1,07%"
"09.01.2024","5,147","5,223","5,265","5,138","-1,25%"
"08.01.2024","5,212","5,308","5,313","5,206","-1,70%"
"05.01.2024","5,302","5,295","5,391","5,238","0,13%"
"04.01.2024","5,295","5,271","5,339","5,241","-0,26%"
"03.01.2024","5,309","5,353","5,371","5,301","0,17%"
"02.01.2024","5,300","5,204","5,347","5,204","0,99%"
"29.12.2023","5,248","5,174","5,250","5,170","1,41%"
"28.12.2023","5,175","5,188","5,226","5,163","-0,38%"
"27.12.2023","5,195","5,201","5,239","5,190","0,75%"
"26.12.2023","5,156","5,156","5,156","5,156","0,00%"
"25.12.2023","5,156","5,156","5,156","5,156","-0,61%"
"22.12.2023","5,188","5,074","5,188","5,063","2,23%"
"21.12.2023","5,075","5,005","5,133","4,985","1,38%"
"20.12.2023","5,006","5,022","5,050","4,978","-0,40%"
"19.12.2023","5,026","5,084","5,104","5,013","-2,12%"
"18.12.2023","5,135","5,055","5,136","5,022","1,32%"
"15.12.2023","5,068","5,190","5,190","4,991","-1,15%"
"14.12.2023","5,127","5,238","5,245","5,082","-3,30%"
"13.12.2023","5,302","5,318","5,354","5,296","-0,23%"
"12.12.2023","5,314","5,392","5,410","5,297","-1,46%"
"11.12.2023","5,393","5,390","5,437","5,374","0,73%"
"08.12.2023","5,354","5,315","5,397","5,279","0,73%"
"07.12.2023","5,315","5,340","5,395","5,307","-0,47%"
"06.12.2023","5,340","5,425","5,448","5,332","-0,95%"
"05.12.2023","5,391","5,489","5,495","5,377","-1,62%"
"04.12.2023","5,480","5,464","5,526","5,435","0,29%"
"01.12.2023","5,464","5,517","5,560","5,456","-0,96%"
"30.11.2023","5,517","5,488","5,562","5,452","0,51%"
"29.11.2023","5,489","5,544","5,544","5,456","-0,99%"
"28.11.2023","5,544","5,627","5,658","5,542","-1,49%"
"27.11.2023","5,628","5,681","5,681","5,625","-0,09%"
"24.11.2023","5,633","5,631","5,690","5,612","0,34%"
"23.11.2023","5,614","5,542","5,658","5,533","1,30%"
"22.11.2023","5,542","5,481","5,589","5,480","1,11%"
"21.11.2023","5,481","5,501","5,539","5,453","-0,65%"
"20.11.2023","5,517","5,526","5,563","5,482","0,64%"
"17.11.2023","5,482","5,482","5,529","5,405","0,33%"
"16.11.2023","5,464","5,626","5,626","5,449","-2,57%"
"15.11.2023","5,608","5,631","5,653","5,578","0,16%"
"14.11.2023","5,599","5,725","5,773","5,598","-1,98%"
"13.11.2023","5,712","5,667","5,760","5,617","1,40%"
"11.11.2023","5,633","5,633","5,633","5,633","0,21%"
"10.11.2023","5,621","5,588","5,705","5,584","0,57%"
"09.11.2023","5,589","5,480","5,633","5,478","1,97%"
"08.11.2023","5,481","5,507","5,536","5,470","-0,49%"
"07.11.2023","5,508","5,533","5,552","5,481","-0,45%"
"06.11.2023","5,533","5,467","5,552","5,449","1,19%"
"03.11.2023","5,468","5,608","5,629","5,464","-2,32%"
"02.11.2023","5,598","5,665","5,665","5,560","-0,93%"
"01.11.2023","5,650","5,650","5,650","5,650","-0,26%"
"31.10.2023","5,665","5,735","5,735","5,652","-1,43%"
"30.10.2023","5,747","5,770","5,786","5,724","-0,40%"
"27.10.2023","5,770","5,821","5,845","5,769","-0,88%"
"26.10.2023","5,821","5,926","5,987","5,817","-1,77%"
"25.10.2023","5,926","5,916","5,951","5,872","0,17%"
"24.10.2023","5,916","6,036","6,036","5,901","-1,99%"
"23.10.2023","6,036","5,967","6,127","5,966","1,19%"
"20.10.2023","5,965","5,924","6,015","5,908","0,91%"
"19.10.2023","5,911","5,776","5,945","5,776","2,28%"
"18.10.2023","5,779","5,757","5,798","5,706","0,38%"
"17.10.2023","5,757","5,662","5,798","5,655","1,73%"
"16.10.2023","5,659","5,659","5,722","5,613","-2,98%"
"13.10.2023","5,833","5,778","5,874","5,765","0,74%"
"12.10.2023","5,790","5,781","5,835","5,756","0,16%"
"11.10.2023","5,781","5,905","5,919","5,759","-2,07%"
"10.10.2023","5,903","6,009","6,037","5,902","-1,76%"
"09.10.2023","6,009","6,003","6,035","5,992","0,10%"
"06.10.2023","6,003","5,965","6,028","5,939","0,64%"
"05.10.2023","5,965","5,985","6,009","5,936","-0,32%"
"04.10.2023","5,984","5,875","6,008","5,875","1,86%"
"03.10.2023","5,875","5,908","5,919","5,856","-0,56%"
"02.10.2023","5,908","5,937","5,946","5,891","-0,14%"
"29.09.2023","5,916","5,946","5,947","5,851","-0,89%"
"28.09.2023","5,969","5,833","5,990","5,833","2,33%"
"27.09.2023","5,833","5,800","5,837","5,783","0,47%"
"26.09.2023","5,806","5,828","5,873","5,777","-0,36%"
"25.09.2023","5,827","5,791","5,868","5,791","0,60%"
"22.09.2023","5,792","5,803","5,822","5,763","-0,05%"
"21.09.2023","5,795","5,709","5,818","5,709","2,15%"
"20.09.2023","5,673","5,696","5,723","5,658","-0,40%"
"19.09.2023","5,696","5,643","5,725","5,638","0,94%"
"18.09.2023","5,643","5,607","5,643","5,607","0,64%"
"15.09.2023","5,607","5,601","5,622","5,591","0,11%"
"14.09.2023","5,601","5,632","5,654","5,581","-0,48%"
"13.09.2023","5,628","5,638","5,734","5,622","-0,16%"
"12.09.2023","5,637","5,538","5,654","5,538","1,79%"
"11.09.2023","5,538","5,597","5,633","5,536","-1,02%"
"08.09.2023","5,595","5,701","5,735","5,571","-2,20%"
"07.09.2023","5,721","5,668","5,764","5,658","2,64%"
"06.09.2023","5,574","5,596","5,596","5,569","-0,04%"
"05.09.2023","5,576","5,635","5,635","5,554","-0,55%"
"04.09.2023","5,607","5,618","5,648","5,607","-0,18%"
"01.09.2023","5,617","5,592","5,622","5,549","0,47%"
"31.08.2023","5,591","5,610","5,684","5,559","-0,02%"
"30.08.2023","5,592","5,684","5,703","5,565","-1,51%"
"29.08.2023","5,678","5,739","5,739","5,645","-1,08%"
"28.08.2023","5,740","5,719","5,789","5,718","0,37%"
"25.08.2023","5,719","5,670","5,756","5,664","1,80%"
"24.08.2023","5,618","5,642","5,669","5,613","-0,74%"
"23.08.2023","5,660","5,780","5,800","5,652","-2,03%"
"22.08.2023","5,777","5,698","5,836","5,681","-0,53%"
"21.08.2023","5,808","5,698","5,817","5,681","1,93%"
"18.08.2023","5,698","5,660","5,738","5,660","0,07%"
"17.08.2023","5,694","5,569","5,705","5,569","2,24%"
"16.08.2023","5,569","5,581","5,602","5,550","0,18%"
"15.08.2023","5,559","5,559","5,559","5,559","-0,39%"
"14.08.2023","5,581","5,530","5,588","5,530","0,90%"
"11.08.2023","5,531","5,496","5,561","5,493","0,64%"
"10.08.2023","5,496","5,520","5,551","5,483","-0,38%"
"09.08.2023","5,517","5,537","5,538","5,514","-0,16%"
"08.08.2023","5,526","5,562","5,562","5,506","-1,04%"
"07.08.2023","5,584","5,593","5,623","5,575","0,18%"
"04.08.2023","5,574","5,614","5,665","5,561","-0,71%"
"03.08.2023","5,614","5,520","5,666","5,518","2,20%"
"02.08.2023","5,493","5,457","5,493","5,433","0,66%"
"01.08.2023","5,457","5,440","5,463","5,379","0,48%"
"31.07.2023","5,431","5,536","5,536","5,423","-1,15%"
"28.07.2023","5,494","5,536","5,537","5,481","0,62%"
"27.07.2023","5,460","5,467","5,480","5,402","-0,13%"
"26.07.2023","5,467","5,442","5,485","5,429","0,70%"
"25.07.2023","5,429","5,426","5,468","5,421","0,22%"
"24.07.2023","5,417","5,460","5,460","5,348","-0,37%"
"21.07.2023","5,437","5,495","5,518","5,437","-1,07%"
"20.07.2023","5,496","5,430","5,540","5,429","1,22%"
"19.07.2023","5,430","5,330","5,486","5,329","1,38%"
"18.07.2023","5,356","5,454","5,454","5,330","-1,89%"
"17.07.2023","5,459","5,546","5,567","5,430","-1,50%"
"14.07.2023","5,542","5,573","5,660","5,452","-0,56%"
"13.07.2023","5,573","5,617","5,619","5,479","-0,91%"
"12.07.2023","5,624","5,737","5,737","5,624","-1,99%"
"11.07.2023","5,738","5,740","5,758","5,695","-0,03%"
"10.07.2023","5,740","5,802","5,805","5,731","-1,09%"
"07.07.2023","5,803","5,890","5,988","5,800","-1,24%"
"06.07.2023","5,876","5,731","5,906","5,731","2,57%"
"05.07.2023","5,729","5,738","5,753","5,725","0,21%"
"04.07.2023","5,717","5,734","5,761","5,717","-0,28%"
"03.07.2023","5,733","5,780","5,780","5,720","-0,74%"
"30.06.2023","5,776","5,832","5,845","5,741","-0,81%"
"29.06.2023","5,823","5,809","5,852","5,783","0,24%"
"28.06.2023","5,809","5,785","5,831","5,760","0,41%"
"27.06.2023","5,785","5,786","5,829","5,745","0,00%"
"26.06.2023","5,785","5,833","5,833","5,751","-0,82%"
"23.06.2023","5,833","5,948","5,948","5,815","-1,93%"
"22.06.2023","5,948","5,980","5,981","5,868","-0,73%"
"21.06.2023","5,992","5,984","6,001","5,925","0,13%"
"20.06.2023","5,984","6,013","6,025","5,971","-1,07%"
"19.06.2023","6,049","6,015","6,049","6,005","-0,46%"
"16.06.2023","6,077","6,068","6,107","6,063","0,15%"
"15.06.2023","6,068","6,096","6,148","6,061","0,70%"
"14.06.2023","6,026","5,983","6,031","5,976","0,79%"
"13.06.2023","5,979","5,920","5,980","5,905","0,79%"
"12.06.2023","5,932","5,952","5,989","5,898","0,29%"
"09.06.2023","5,915","5,975","5,976","5,901","-0,72%"
"08.06.2023","5,958","5,958","5,958","5,958","-0,28%"
"07.06.2023","5,975","5,959","6,014","5,923","0,27%"
"06.06.2023","5,959","5,952","5,959","5,897","0,12%"
"05.06.2023","5,952","6,018","6,026","5,942","-0,62%"
"02.06.2023","5,989","5,966","6,003","5,966","0,39%"
"01.06.2023","5,966","6,068","6,076","5,949","-1,31%"
"31.05.2023","6,045","6,074","6,074","5,987","-0,48%"
"30.05.2023","6,074","6,068","6,082","6,024","0,08%"
"29.05.2023","6,069","6,173","6,175","6,067","-1,68%"
"26.05.2023","6,173","6,222","6,222","6,163","0,03%"
"25.05.2023","6,171","6,107","6,185","6,107","1,05%"
"24.05.2023","6,107","6,102","6,120","6,085","0,08%"
"23.05.2023","6,102","6,056","6,129","6,056","0,68%"
"22.05.2023","6,061","5,987","6,077","5,955","1,29%"
"19.05.2023","5,984","6,002","6,043","5,958","-0,28%"
"18.05.2023","6,001","5,946","6,012","5,946","0,92%"
"17.05.2023","5,946","5,969","5,972","5,909","-0,42%"
"16.05.2023","5,971","5,909","5,982","5,904","1,89%"
"15.05.2023","5,860","5,743","5,862","5,743","2,04%"
"12.05.2023","5,743","5,756","5,809","5,733","-0,23%"
"11.05.2023","5,756","5,804","5,806","5,733","-0,83%"
"10.05.2023","5,804","5,844","5,862","5,783","-0,58%"
"09.05.2023","5,838","5,825","5,854","5,795","0,10%"
"08.05.2023","5,832","5,834","5,861","5,825","0,09%"
"05.05.2023","5,827","5,780","5,847","5,774","0,85%"
"04.05.2023","5,778","5,865","5,869","5,774","-0,74%"
"02.05.2023","5,821","5,960","5,960","5,814","-1,49%"
"28.04.2023","5,909","6,017","6,017","5,862","-1,10%"
"27.04.2023","5,975","5,968","6,013","5,940","0,10%"
"26.04.2023","5,969","5,932","6,005","5,905","0,62%"
"25.04.2023","5,932","6,000","6,000","5,913","-1,51%"
"24.04.2023","6,023","6,077","6,077","6,020","-0,90%"
"21.04.2023","6,078","6,105","6,125","6,066","-0,44%"
"20.04.2023","6,105","6,171","6,212","6,103","-1,20%"
"19.04.2023","6,179","6,189","6,227","6,149","0,41%"
"18.04.2023","6,154","6,196","6,263","6,142","-0,63%"
"17.04.2023","6,193","6,198","6,224","6,183","-0,08%"
"14.04.2023","6,198","6,253","6,253","6,170","-0,32%"
"13.04.2023","6,218","6,226","6,290","6,206","-0,13%"
"12.04.2023","6,226","6,197","6,226","6,146","0,87%"
"11.04.2023","6,172","6,153","6,192","6,117","2,00%"
"07.04.2023","6,051","6,051","6,051","6,051","-0,33%"
"06.04.2023","6,071","6,111","6,111","6,001","-0,30%"
"05.04.2023","6,089","6,065","6,116","6,063","0,03%"
"04.04.2023","6,087","6,050","6,169","6,049","0,61%"
"03.04.2023","6,050","6,068","6,156","6,050","-0,25%"
"31.03.2023","6,065","6,087","6,157","6,045","-0,21%"
"30.03.2023","6,078","6,078","6,111","6,040","-0,08%"
"29.03.2023","6,083","6,126","6,154","6,050","-0,07%"
"28.03.2023","6,087","6,117","6,124","6,066","0,53%"
"27.03.2023","6,055","6,022","6,108","6,022","0,86%"
"25.03.2023","6,003","6,003","6,003","6,003","-0,31%"
"24.03.2023","6,022","5,925","6,057","5,818","1,11%"
"23.03.2023","5,956","5,967","6,001","5,911","-0,93%"
"22.03.2023","6,012","5,997","6,103","5,997","0,25%"
"21.03.2023","5,997","5,961","6,055","5,961","0,60%"
"20.03.2023","5,961","5,902","5,978","5,873","-0,63%"
"17.03.2023","5,999","6,021","6,151","5,946","-0,40%"
"16.03.2023","6,023","6,039","6,137","6,007","-0,26%"
"15.03.2023","6,039","6,178","6,269","6,035","-2,25%"
"14.03.2023","6,178","6,023","6,212","6,005","2,62%"
"13.03.2023","6,020","6,106","6,112","5,916","-1,70%"
"10.03.2023","6,124","6,180","6,259","6,112","-2,14%"
"09.03.2023","6,258","6,261","6,331","6,239","-0,13%"
"08.03.2023","6,266","6,344","6,390","6,258","-1,20%"
"07.03.2023","6,342","6,425","6,433","6,297","-1,29%"
"06.03.2023","6,425","6,541","6,541","6,368","-1,77%"
"03.03.2023","6,541","6,670","6,680","6,528","-1,93%"
"02.03.2023","6,670","6,641","6,687","6,574","1,21%"
"01.03.2023","6,590","6,602","6,684","6,547","0,53%"
"28.02.2023","6,555","6,558","6,681","6,511","-0,05%"
"27.02.2023","6,558","6,604","6,660","6,547","-0,41%"
"24.02.2023","6,585","6,505","6,600","6,463","-0,44%"
"23.02.2023","6,614","6,715","6,747","6,584","-0,50%"
"22.02.2023","6,647","6,679","6,736","6,627","-0,79%"
"21.02.2023","6,700","6,668","6,764","6,648","1,81%"
"20.02.2023","6,581","6,468","6,581","6,467","1,65%"
"17.02.2023","6,474","6,446","6,572","6,440","1,86%"
"16.02.2023","6,356","6,220","6,412","6,125","2,55%"
"15.02.2023","6,198","6,218","6,262","6,028","-0,32%"
"14.02.2023","6,218","6,166","6,218","6,104","0,84%"
"13.02.2023","6,166","6,168","6,200","6,118","0,78%"
"10.02.2023","6,118","6,042","6,122","6,035","2,98%"
"09.02.2023","5,941","6,005","6,005","5,872","-1,07%"
"08.02.2023","6,005","6,133","6,133","5,945","-2,09%"
"07.02.2023","6,133","5,965","6,168","5,869","4,30%"
"06.02.2023","5,880","5,721","5,974","5,721","3,28%"
"03.02.2023","5,693","5,697","5,744","5,656","-0,91%"
"02.02.2023","5,745","5,903","5,920","5,745","-4,31%"
"01.02.2023","6,004","6,001","6,031","5,962","-0,73%"
"31.01.2023","6,048","5,931","6,155","5,931","2,23%"
"30.01.2023","5,916","5,883","5,957","5,833","2,07%"
"27.01.2023","5,796","5,935","5,963","5,765","-1,41%"
"26.01.2023","5,879","5,957","5,973","5,841","-0,74%"
"25.01.2023","5,923","5,997","6,008","5,884","-1,22%"
"24.01.2023","5,996","6,053","6,148","5,995","-0,93%"
"23.01.2023","6,052","5,989","6,108","5,956","1,07%"
"20.01.2023","5,988","5,945","6,092","5,945","0,77%"
"19.01.2023","5,942","5,847","6,055","5,847","1,69%"
"18.01.2023","5,843","6,023","6,037","5,801","-3,20%"
"17.01.2023","6,036","6,051","6,217","6,025","-0,18%"
"16.01.2023","6,047","6,017","6,216","6,012","0,48%"
"13.01.2023","6,018","5,927","6,087","5,857","1,66%"
"12.01.2023","5,920","5,954","6,036","5,865","-0,52%"
"11.01.2023","5,951","6,051","6,064","5,867","-1,70%"
"10.01.2023","6,054","5,849","6,086","5,849","3,38%"
"09.01.2023","5,856","6,153","6,153","5,803","-4,24%"
"06.01.2023","6,115","6,115","6,115","6,115","-0,49%"
"05.01.2023","6,145","6,393","6,439","6,135","-3,79%"
"04.01.2023","6,387","6,628","6,628","6,387","-3,46%"
"03.01.2023","6,616","6,788","6,822","6,599","-2,55%"
"02.01.2023","6,789","6,884","6,897","6,745","-1,29%"
"30.12.2022","6,878","6,952","6,956","6,817","-0,71%"
"29.12.2022","6,927","6,774","7,026","6,774","2,36%"
"28.12.2022","6,767","6,774","6,814","6,710","-0,29%"
"27.12.2022","6,787","6,734","6,808","6,734","0,79%"
"23.12.2022","6,734","6,764","6,815","6,716","0,01%"
"22.12.2022","6,733","6,589","6,762","6,543","1,89%"
"21.12.2022","6,608","6,793","6,829","6,587","-2,69%"
"20.12.2022","6,791","6,815","6,950","6,787","-0,37%"
"19.12.2022","6,816","6,692","6,908","6,692","1,84%"
"16.12.2022","6,693","6,546","6,781","6,546","2,32%"
"15.12.2022","6,541","6,449","6,584","6,412","1,47%"
"14.12.2022","6,446","6,485","6,498","6,374","-0,62%"
"13.12.2022","6,486","6,616","6,753","6,448","-1,71%"
"12.12.2022","6,599","6,486","6,622","6,475","1,85%"
"09.12.2022","6,479","6,539","6,572","6,378","-0,05%"
"08.12.2022","6,482","6,539","6,572","6,378","-0,86%"
"07.12.2022","6,538","6,634","6,675","6,531","-1,43%"
"06.12.2022","6,633","6,716","6,785","6,594","-1,22%"
"05.12.2022","6,715","6,409","6,742","6,405","4,69%"
"02.12.2022","6,414","6,428","6,450","6,304","-0,56%"
"01.12.2022","6,450","6,495","6,502","6,378","-2,51%"
"30.11.2022","6,616","6,788","6,792","6,583","-1,85%"
"29.11.2022","6,741","6,724","6,785","6,644","-0,96%"
"28.11.2022","6,806","6,879","6,881","6,785","-1,42%"
"25.11.2022","6,904","6,712","6,973","6,712","3,34%"
"24.11.2022","6,681","6,783","6,798","6,648","-2,30%"
"23.11.2022","6,838","6,968","7,033","6,816","-0,52%"
"22.11.2022","6,874","7,084","7,100","6,796","-2,44%"
"21.11.2022","7,046","7,073","7,183","6,996","-0,06%"
"18.11.2022","7,050","7,359","7,359","7,013","-1,96%"
"17.11.2022","7,191","7,000","7,264","7,000","2,22%"
"16.11.2022","7,035","7,003","7,322","6,967","0,63%"
"15.11.2022","6,991","7,290","7,302","6,903","-4,06%"
"14.11.2022","7,287","7,216","7,328","7,109","1,41%"
"11.11.2022","7,186","7,186","7,186","7,186","-0,48%"
"10.11.2022","7,220","7,643","7,643","7,220","-6,23%"
"09.11.2022","7,700","7,745","7,745","7,685","-1,56%"
"08.11.2022","7,822","7,998","8,060","7,808","-1,89%"
"07.11.2022","7,973","8,283","8,283","7,927","-2,99%"
"04.11.2022","8,219","8,268","8,322","8,198","-1,70%"
"03.11.2022","8,361","8,552","8,675","8,288","0,00%"
"02.11.2022","8,361","8,390","8,447","8,285","0,45%"
"01.11.2022","8,323","8,340","8,340","8,323","-0,83%"
"31.10.2022","8,393","8,166","8,436","8,166","2,80%"
"28.10.2022","8,164","8,047","8,336","7,898","3,15%"
"27.10.2022","7,915","8,001","8,280","7,896","-1,01%"
"26.10.2022","7,996","8,032","8,091","7,895","-0,71%"
"25.10.2022","8,053","8,094","8,214","8,053","-3,21%"
"24.10.2022","8,320","8,762","8,762","8,310","-5,03%"
"21.10.2022","8,761","8,782","9,127","8,751","1,48%"
"20.10.2022","8,633","8,496","8,634","8,394","3,46%"
"19.10.2022","8,344","8,236","8,512","8,232","1,97%"
"18.10.2022","8,183","8,098","8,276","8,098","2,54%"
"17.10.2022","7,980","7,768","8,017","7,746","3,11%"
"14.10.2022","7,739","7,706","7,868","7,592","-1,09%"
"13.10.2022","7,824","7,918","8,260","7,819","-4,46%"
"12.10.2022","8,189","7,918","8,233","7,856","4,46%"
"11.10.2022","7,839","7,596","7,889","7,549","4,37%"
"10.10.2022","7,511","7,358","7,589","7,341","1,83%"
"07.10.2022","7,376","7,295","7,480","7,279","2,47%"
"06.10.2022","7,198","7,115","7,266","7,036","0,93%"
"05.10.2022","7,132","6,974","7,151","6,863","3,42%"
"04.10.2022","6,896","6,964","6,992","6,825","-1,43%"
"03.10.2022","6,996","7,232","7,276","6,995","-2,35%"
"30.09.2022","7,164","7,283","7,324","7,104","-1,61%"
"29.09.2022","7,281","7,097","7,384","7,097","3,38%"
"28.09.2022","7,043","7,148","7,202","6,997","2,01%"
"27.09.2022","6,904","6,834","6,907","6,697","1,40%"
"26.09.2022","6,809","6,570","6,850","6,570","5,27%"
"23.09.2022","6,468","6,248","6,469","6,158","4,31%"
"22.09.2022","6,201","6,223","6,255","6,154","1,03%"
"21.09.2022","6,138","6,180","6,180","6,080","-0,84%"
"20.09.2022","6,190","6,238","6,252","6,176","1,01%"
"19.09.2022","6,128","6,116","6,154","6,116","0,05%"
"16.09.2022","6,125","6,126","6,236","6,117","-0,37%"
"15.09.2022","6,148","6,004","6,148","5,988","3,02%"
"14.09.2022","5,968","5,916","6,032","5,858","1,96%"
"13.09.2022","5,853","5,905","5,949","5,783","-0,70%"
"12.09.2022","5,894","6,018","6,033","5,876","-2,01%"
"09.09.2022","6,015","6,132","6,153","6,014","-1,13%"
"08.09.2022","6,084","6,166","6,171","6,052","-0,54%"
"07.09.2022","6,117","6,164","6,225","6,090","-1,29%"
"06.09.2022","6,197","6,220","6,223","6,028","0,73%"
"05.09.2022","6,152","6,045","6,210","6,045","1,27%"
"02.09.2022","6,075","6,175","6,184","6,044","-1,09%"
"01.09.2022","6,142","6,241","6,273","6,135","-0,36%"
"31.08.2022","6,164","6,121","6,354","6,079","0,02%"
"30.08.2022","6,163","6,392","6,392","6,122","-3,19%"
"29.08.2022","6,366","6,288","6,420","6,288","1,51%"
"26.08.2022","6,271","6,247","6,300","6,158","0,66%"
"25.08.2022","6,230","6,395","6,396","6,228","-2,43%"
"24.08.2022","6,385","6,408","6,526","6,364","0,87%"
"23.08.2022","6,330","6,168","6,438","6,137","2,88%"
"22.08.2022","6,153","5,963","6,197","5,958","2,04%"
"19.08.2022","6,030","5,896","6,175","5,896","3,09%"
"18.08.2022","5,849","5,827","5,909","5,805","1,85%"
"17.08.2022","5,743","5,549","5,754","5,549","4,06%"
"16.08.2022","5,519","5,392","5,522","5,389","2,96%"
"15.08.2022","5,360","5,370","5,370","5,360","-0,33%"
"12.08.2022","5,378","5,440","5,489","5,365","-0,48%"
"11.08.2022","5,404","5,588","5,588","5,373","-0,81%"
"10.08.2022","5,448","5,588","5,588","5,448","-2,35%"
"09.08.2022","5,579","5,521","5,601","5,518","1,29%"
"08.08.2022","5,508","5,755","5,806","5,395","-0,36%"
"05.08.2022","5,528","5,755","5,806","5,472","-1,83%"
"04.08.2022","5,631","5,755","5,806","5,598","-2,81%"
"03.08.2022","5,794","5,725","5,845","5,681","2,69%"
"02.08.2022","5,642","5,371","5,642","5,353","4,85%"
"01.08.2022","5,381","5,567","5,567","5,355","-3,20%"
"29.07.2022","5,559","5,809","5,864","5,499","-4,32%"
"28.07.2022","5,810","5,873","5,911","5,798","-0,62%"
"27.07.2022","5,846","5,759","5,882","5,759","1,16%"
"26.07.2022","5,779","5,881","5,881","5,675","-1,68%"
"25.07.2022","5,878","5,915","5,970","5,869","-0,54%"
"22.07.2022","5,910","6,184","6,184","5,898","-4,59%"
"21.07.2022","6,194","6,534","6,534","6,194","-5,99%"
"20.07.2022","6,589","6,675","6,675","6,559","-0,90%"
"19.07.2022","6,649","6,710","6,800","6,649","-1,06%"
"18.07.2022","6,720","6,652","6,740","6,595","-0,44%"
"15.07.2022","6,750","6,823","6,823","6,702","-2,36%"
"14.07.2022","6,913","6,879","7,038","6,879","0,76%"
"13.07.2022","6,861","6,708","6,913","6,708","1,99%"
"12.07.2022","6,727","6,709","6,925","6,668","1,77%"
"11.07.2022","6,610","6,588","6,645","6,521","-1,11%"
"08.07.2022","6,684","6,752","6,802","6,664","-1,78%"
"07.07.2022","6,805","6,783","6,887","6,683","1,33%"
"06.07.2022","6,716","6,745","6,797","6,662","-0,31%"
"05.07.2022","6,737","6,586","6,757","6,559","2,31%"
"04.07.2022","6,585","6,594","6,711","6,569","0,77%"
"01.07.2022","6,535","6,777","6,788","6,509","-5,78%"
"30.06.2022","6,936","7,095","7,095","6,891","-2,64%"
"29.06.2022","7,124","7,156","7,168","7,044","-2,37%"
"28.06.2022","7,297","7,494","7,516","7,289","-0,14%"
"27.06.2022","7,307","7,079","7,307","7,079","4,25%"
"24.06.2022","7,009","6,957","7,080","6,831","0,20%"
"23.06.2022","6,995","7,207","7,207","6,891","-2,98%"
"22.06.2022","7,210","7,491","7,505","7,210","-6,71%"
"21.06.2022","7,729","8,142","8,188","7,693","-5,10%"
"20.06.2022","8,144","7,902","8,165","7,902","2,23%"
"17.06.2022","7,966","7,931","7,983","7,868","1,85%"
"16.06.2022","7,821","7,821","7,821","7,821","-0,85%"
"15.06.2022","7,888","7,710","7,950","7,670","1,19%"
"14.06.2022","7,795","7,710","7,798","7,670","1,37%"
"13.06.2022","7,690","7,198","7,690","7,198","6,30%"
"10.06.2022","7,234","7,004","7,253","6,964","4,15%"
"09.06.2022","6,946","6,765","7,157","6,765","2,74%"
"08.06.2022","6,761","6,599","6,849","6,598","2,50%"
"07.06.2022","6,596","6,624","6,624","6,530","-0,30%"
"06.06.2022","6,616","6,696","6,724","6,601","-0,91%"
"03.06.2022","6,677","6,670","6,708","6,633","1,07%"
"02.06.2022","6,606","6,599","6,623","6,588","1,55%"
"01.06.2022","6,505","6,630","6,690","6,500","-1,84%"
"31.05.2022","6,627","6,611","6,638","6,520","0,17%"
"30.05.2022","6,616","6,708","6,858","6,608","-1,30%"
"27.05.2022","6,703","6,677","6,830","6,659","0,57%"
"26.05.2022","6,665","6,574","6,683","6,549","1,77%"
"25.05.2022","6,549","6,583","6,598","6,539","-0,27%"
"24.05.2022","6,567","6,593","6,646","6,504","0,46%"
"23.05.2022","6,537","6,561","6,575","6,415","0,66%"
"20.05.2022","6,494","6,630","6,641","6,494","-1,14%"
"19.05.2022","6,569","6,649","6,649","6,551","-1,14%"
"18.05.2022","6,645","6,618","6,709","6,591","0,38%"
"17.05.2022","6,620","6,750","6,758","6,617","-1,40%"
"16.05.2022","6,714","6,843","6,912","6,714","-1,89%"
"13.05.2022","6,843","6,754","6,891","6,727","1,85%"
"12.05.2022","6,719","6,884","6,900","6,695","-3,25%"
"11.05.2022","6,945","6,964","6,992","6,852","-0,32%"
"10.05.2022","6,967","7,038","7,040","6,916","-0,47%"
"09.05.2022","7,000","6,843","7,033","6,838","2,28%"
"06.05.2022","6,844","6,677","6,865","6,596","4,01%"
"05.05.2022","6,580","6,581","6,612","6,513","-0,41%"
"04.05.2022","6,607","6,502","6,627","6,502","3,15%"
"03.05.2022","6,405","6,405","6,405","6,405","-0,37%"
"02.05.2022","6,429","6,389","6,461","6,389","0,47%"
"29.04.2022","6,399","6,376","6,511","6,348","1,30%"
"28.04.2022","6,317","6,201","6,361","6,102","2,55%"
"27.04.2022","6,160","6,187","6,229","6,066","0,57%"
"26.04.2022","6,125","6,187","6,187","6,066","-1,54%"
"25.04.2022","6,221","6,318","6,319","6,096","-1,58%"
"22.04.2022","6,321","6,274","6,458","6,274","1,64%"
"21.04.2022","6,219","6,159","6,234","6,159","1,70%"
"20.04.2022","6,115","6,258","6,258","6,069","-2,87%"
"19.04.2022","6,296","5,996","6,323","5,996","6,72%"
"15.04.2022","5,899","5,899","5,899","5,899","-0,90%"
"14.04.2022","5,953","5,735","5,953","5,735","1,62%"
"13.04.2022","5,858","6,189","6,189","5,841","-5,13%"
"12.04.2022","6,175","6,289","6,331","6,151","-1,70%"
"11.04.2022","6,282","6,139","6,282","6,139","3,02%"
"08.04.2022","6,098","5,848","6,163","5,848","4,36%"
"07.04.2022","5,843","5,569","5,873","5,538","4,32%"
"06.04.2022","5,601","5,513","5,640","5,513","2,15%"
"05.04.2022","5,483","5,463","5,483","5,379","1,03%"
"04.04.2022","5,427","5,386","5,437","5,359","0,78%"
"01.04.2022","5,385","5,272","5,447","5,272","2,73%"
"31.03.2022","5,242","5,123","5,249","5,123","0,58%"
"30.03.2022","5,212","5,209","5,330","5,193","-0,19%"
"29.03.2022","5,222","5,554","5,563","5,221","-5,21%"
"28.03.2022","5,509","5,517","5,610","5,498","1,45%"
"25.03.2022","5,430","5,338","5,430","5,338","0,48%"
"24.03.2022","5,404","5,191","5,430","5,191","4,08%"
"23.03.2022","5,192","5,139","5,220","5,111","2,31%"
"22.03.2022","5,075","5,010","5,166","5,010","2,65%"
"21.03.2022","4,944","4,757","4,944","4,757","4,35%"
"18.03.2022","4,738","4,733","4,761","4,727","-0,48%"
"17.03.2022","4,761","4,772","4,772","4,633","-0,13%"
"16.03.2022","4,767","4,945","4,945","4,747","-3,93%"
"15.03.2022","4,962","5,126","5,183","4,906","-2,93%"
"14.03.2022","5,112","4,985","5,158","4,985","2,71%"
"11.03.2022","4,977","5,031","5,108","4,966","-1,01%"
"10.03.2022","5,028","4,964","5,102","4,921","3,52%"
"09.03.2022","4,857","4,913","5,002","4,853","0,54%"
"08.03.2022","4,831","4,773","4,831","4,692","1,62%"
"07.03.2022","4,754","4,794","4,794","4,729","8,64%"
"04.03.2022","4,376","4,180","4,403","4,180","5,57%"
"03.03.2022","4,145","4,133","4,166","4,122","1,84%"
"02.03.2022","4,070","3,988","4,079","3,988","0,47%"
"01.03.2022","4,051","4,118","4,118","4,006","-1,58%"
"28.02.2022","4,116","4,090","4,137","4,076","1,65%"
"25.02.2022","4,049","4,115","4,172","4,049","-0,56%"
"24.02.2022","4,072","4,058","4,118","4,056","2,57%"
"23.02.2022","3,970","3,958","3,976","3,931","1,53%"
"22.02.2022","3,910","3,863","3,943","3,863","1,61%"
"21.02.2022","3,848","3,922","3,928","3,844","-1,21%"
"18.02.2022","3,895","3,931","3,938","3,857","0,15%"
"17.02.2022","3,889","3,968","4,002","3,886","-1,29%"
"16.02.2022","3,940","3,999","3,999","3,910","-0,96%"
"15.02.2022","3,978","4,088","4,088","3,978","-2,67%"
"14.02.2022","4,087","4,028","4,087","4,021","1,64%"
"11.02.2022","4,021","4,017","4,062","4,007","0,70%"
"10.02.2022","3,993","3,964","4,006","3,944","0,81%"
"09.02.2022","3,961","3,855","3,977","3,855","1,62%"
"08.02.2022","3,898","3,931","3,943","3,875","-0,10%"
"07.02.2022","3,902","3,927","3,927","3,895","-0,33%"
"04.02.2022","3,915","4,022","4,022","3,857","-2,17%"
"03.02.2022","4,002","4,018","4,078","3,981","-0,27%"
"02.02.2022","4,013","4,088","4,088","4,008","-1,04%"
"01.02.2022","4,055","4,117","4,160","4,055","-1,34%"
"31.01.2022","4,110","4,070","4,137","4,048","1,56%"
"28.01.2022","4,047","4,080","4,103","4,047","-0,02%"
"27.01.2022","4,048","4,013","4,091","4,012","3,40%"
"26.01.2022","3,915","3,954","4,008","3,915","-0,61%"
"25.01.2022","3,939","4,003","4,024","3,908","-0,78%"
"24.01.2022","3,970","3,956","4,048","3,935","3,04%"
"21.01.2022","3,853","3,881","3,881","3,853","-2,36%"
"20.01.2022","3,946","4,044","4,044","3,946","-2,98%"
"19.01.2022","4,067","4,165","4,176","4,067","-1,98%"
"18.01.2022","4,149","4,111","4,149","4,111","1,34%"
"17.01.2022","4,094","4,088","4,095","4,088","0,84%"
"14.01.2022","4,060","4,002","4,060","4,002","1,40%"
"13.01.2022","4,004","4,061","4,061","3,999","-0,45%"
"12.01.2022","4,022","4,059","4,059","4,010","0,37%"
"11.01.2022","4,007","4,016","4,016","3,948","-2,08%"
"10.01.2022","4,092","4,067","4,097","4,029","1,26%"
"07.01.2022","4,041","4,042","4,042","4,007","3,51%"
"05.01.2022","3,904","3,950","3,968","3,895","-1,21%"
"04.01.2022","3,952","3,850","3,971","3,850","4,52%"
"03.01.2022","3,781","3,751","3,792","3,750","2,05%"
"31.12.2021","3,705","3,705","3,705","3,705","0,08%"
"30.12.2021","3,702","3,658","3,702","3,658","2,04%"
"29.12.2021","3,628","3,573","3,628","3,573","2,60%"
"28.12.2021","3,536","3,536","3,536","3,536","0,00%"
"27.12.2021","3,536","3,553","3,553","3,531","0,91%"
"23.12.2021","3,504","3,504","3,504","3,504","-0,23%"
"22.12.2021","3,512","3,497","3,514","3,497","1,39%"
"21.12.2021","3,464","3,424","3,477","3,408","3,90%"
"20.12.2021","3,334","3,191","3,334","3,191","5,11%"
"17.12.2021","3,172","3,160","3,181","3,104","-0,47%"
"16.12.2021","3,187","3,209","3,231","3,169","-1,48%"
"15.12.2021","3,235","3,237","3,267","3,228","1,19%"
"14.12.2021","3,197","3,212","3,225","3,196","-0,37%"
"13.12.2021","3,209","3,235","3,235","3,186","-0,59%"
"10.12.2021","3,228","3,173","3,228","3,173","3,10%"
"09.12.2021","3,131","3,093","3,131","3,062","0,13%"
"08.12.2021","3,127","3,144","3,144","3,075","0,00%"
"07.12.2021","3,127","3,116","3,127","3,116","-2,19%"
"06.12.2021","3,197","3,213","3,213","3,197","-2,89%"
"03.12.2021","3,292","3,333","3,333","3,292","-1,17%"
"02.12.2021","3,331","3,139","3,338","3,139","3,38%"
"01.12.2021","3,222","3,139","3,229","3,139","3,60%"
"30.11.2021","3,110","3,185","3,185","3,073","-3,02%"
"29.11.2021","3,207","3,212","3,212","3,195","1,71%"
"26.11.2021","3,153","3,153","3,153","3,153","-9,11%"
"25.11.2021","3,469","3,465","3,469","3,441","0,32%"
"24.11.2021","3,458","3,467","3,467","3,458","0,12%"
"23.11.2021","3,454","3,440","3,457","3,438","4,35%"
"22.11.2021","3,310","3,293","3,326","3,281","-2,07%"
"19.11.2021","3,380","3,436","3,449","3,380","1,05%"
"18.11.2021","3,345","3,208","3,345","3,208","6,22%"
"17.11.2021","3,149","3,039","3,170","3,039","4,97%"
"16.11.2021","3,000","3,015","3,019","2,994","1,04%"
"15.11.2021","2,969","2,975","2,978","2,969","1,96%"
"12.11.2021","2,912","2,897","2,912","2,897","-0,27%"
"10.11.2021","2,920","2,874","2,921","2,874","1,04%"
"09.11.2021","2,890","2,993","2,993","2,890","-3,41%"
"08.11.2021","2,992","2,949","2,992","2,949","2,82%"
"05.11.2021","2,910","2,962","2,964","2,904","-0,78%"
"04.11.2021","2,933","2,933","2,933","2,933","0,76%"
"03.11.2021","2,911","2,874","2,921","2,874","0,03%"
"02.11.2021","2,910","2,874","2,910","2,874","1,15%"
"29.10.2021","2,877","2,934","2,934","2,877","-0,90%"
"28.10.2021","2,903","2,890","2,903","2,887","3,16%"
"27.10.2021","2,814","2,885","2,885","2,814","-3,56%"
"26.10.2021","2,918","2,911","2,930","2,911","0,07%"
"25.10.2021","2,916","2,848","2,923","2,848","3,18%"
"22.10.2021","2,826","2,784","2,836","2,768","2,73%"
"21.10.2021","2,751","2,722","2,751","2,720","1,33%"
"20.10.2021","2,715","2,738","2,775","2,713","-0,73%"
"19.10.2021","2,735","2,738","2,745","2,729","-0,40%"
"18.10.2021","2,746","2,643","2,757","2,643","4,29%"
"15.10.2021","2,633","2,614","2,646","2,614","3,46%"
"14.10.2021","2,545","2,711","2,711","2,545","-6,16%"
"13.10.2021","2,712","2,723","2,723","2,712","4,99%"
"12.10.2021","2,583","2,568","2,583","2,563","2,14%"
"11.10.2021","2,529","2,480","2,535","2,480","4,29%"
"08.10.2021","2,425","2,453","2,494","2,416","-0,29%"
"07.10.2021","2,432","2,466","2,497","2,425","0,58%"
"06.10.2021","2,418","2,287","2,427","2,276","7,28%"
"05.10.2021","2,254","2,277","2,277","2,254","-1,18%"
"04.10.2021","2,281","2,246","2,292","2,246","3,26%"
"01.10.2021","2,209","2,173","2,255","2,173","0,91%"
"30.09.2021","2,189","2,170","2,215","2,170","2,15%"
"29.09.2021","2,143","2,133","2,143","2,083","-0,92%"
"28.09.2021","2,163","2,118","2,181","2,116","3,64%"
"27.09.2021","2,087","2,045","2,109","2,045","0,63%"
"24.09.2021","2,074","2,046","2,099","2,046","1,97%"
"23.09.2021","2,034","2,007","2,035","2,007","2,21%"
"22.09.2021","1,990","2,000","2,000","1,990","0,35%"
"21.09.2021","1,983","2,024","2,024","1,975","-1,83%"
"20.09.2021","2,020","2,045","2,052","1,995","-1,75%"
"17.09.2021","2,056","2,048","2,062","2,035","0,29%"
"16.09.2021","2,050","2,023","2,066","2,016","2,35%"
"15.09.2021","2,003","1,988","2,007","1,968","-0,50%"
"14.09.2021","2,013","2,040","2,046","2,013","-0,25%"
"13.09.2021","2,018","2,009","2,031","2,009","1,71%"
"10.09.2021","1,984","1,964","1,993","1,964","0,71%"
"09.09.2021","1,970","2,022","2,022","1,964","-3,29%"
"08.09.2021","2,037","1,996","2,037","1,986","0,99%"
"07.09.2021","2,017","1,961","2,032","1,961","2,80%"
"06.09.2021","1,962","2,006","2,006","1,958","-2,19%"
"03.09.2021","2,006","1,937","2,020","1,937","2,87%"
"02.09.2021","1,950","1,899","1,950","1,897","2,96%"
"01.09.2021","1,894","1,867","1,909","1,860","3,10%"
"31.08.2021","1,837","1,790","1,854","1,787","2,34%"
"30.08.2021","1,795","1,800","1,804","1,792","-0,88%"
"27.08.2021","1,811","1,821","1,829","1,803","-0,60%"
"26.08.2021","1,822","1,805","1,853","1,805","2,02%"
"25.08.2021","1,786","1,762","1,786","1,762","1,71%"
"24.08.2021","1,756","1,743","1,756","1,733","0,75%"
"23.08.2021","1,743","1,712","1,747","1,707","2,23%"
"20.08.2021","1,705","1,709","1,717","1,694","-0,35%"
"19.08.2021","1,711","1,721","1,721","1,706","-0,64%"
"18.08.2021","1,722","1,725","1,737","1,717","-0,12%"
"17.08.2021","1,724","1,711","1,724","1,701","-0,81%"
"16.08.2021","1,738","1,800","1,800","1,733","-3,18%"
"13.08.2021","1,795","1,813","1,823","1,795","-1,16%"
"12.08.2021","1,816","1,798","1,823","1,784","-0,11%"
"11.08.2021","1,818","1,826","1,876","1,818","-0,44%"
"10.08.2021","1,826","1,813","1,836","1,813","0,88%"
"09.08.2021","1,810","1,807","1,814","1,789","-0,17%"
"06.08.2021","1,813","1,782","1,813","1,758","3,42%"
"05.08.2021","1,753","1,737","1,754","1,702","-0,51%"
"04.08.2021","1,762","1,736","1,762","1,734","4,08%"
"03.08.2021","1,693","1,676","1,693","1,671","1,32%"
"02.08.2021","1,671","1,697","1,699","1,668","-2,51%"
"30.07.2021","1,714","1,724","1,807","1,714","-0,92%"
"29.07.2021","1,730","1,676","1,787","1,669","3,04%"
"28.07.2021","1,679","1,661","1,702","1,650","9,52%"
"27.07.2021","1,533","1,540","1,544","1,503","-0,33%"
"26.07.2021","1,538","1,554","1,554","1,494","-1,09%"
"23.07.2021","1,555","1,575","1,582","1,540","-1,95%"
"22.07.2021","1,586","1,571","1,613","1,565","0,38%"
"21.07.2021","1,580","1,526","1,600","1,517","3,74%"
"20.07.2021","1,523","1,532","1,571","1,493","-0,59%"
"19.07.2021","1,532","1,666","1,666","1,506","-8,04%"
"16.07.2021","1,666","1,666","1,672","1,648","-1,13%"
"15.07.2021","1,685","1,672","1,686","1,657","-1,23%"
"14.07.2021","1,706","1,719","1,734","1,692","0,00%"
"13.07.2021","1,706","1,703","1,714","1,682","0,18%"
"12.07.2021","1,703","1,707","1,707","1,646","1,07%"
"09.07.2021","1,685","1,718","1,718","1,685","1,20%"
"08.07.2021","1,665","1,628","1,678","1,589","2,21%"
"07.07.2021","1,629","1,632","1,637","1,626","-3,44%"
"06.07.2021","1,687","1,747","1,769","1,687","-3,66%"
"05.07.2021","1,751","1,693","1,756","1,692","2,40%"
"02.07.2021","1,710","1,645","1,717","1,638","3,64%"
"01.07.2021","1,650","1,649","1,658","1,631","0,00%"
"30.06.2021","1,650","1,763","1,764","1,650","-7,51%"
"29.06.2021","1,784","1,805","1,836","1,784","-2,03%"
"28.06.2021","1,821","1,850","1,850","1,821","-0,60%"
"25.06.2021","1,832","1,780","1,846","1,780","3,21%"
"24.06.2021","1,775","1,799","1,856","1,775","-1,55%"
"23.06.2021","1,803","1,806","1,819","1,787","-0,17%"
"22.06.2021","1,806","1,775","1,834","1,761","2,56%"
"21.06.2021","1,761","1,755","1,786","1,725","-0,06%"
"18.06.2021","1,762","1,791","1,791","1,758","-1,51%"
"17.06.2021","1,789","1,749","1,828","1,749","2,40%"
"16.06.2021","1,747","1,770","1,776","1,736","-0,06%"
"15.06.2021","1,748","1,729","1,760","1,722","0,06%"
"14.06.2021","1,747","1,753","1,753","1,726","0,98%"
"11.06.2021","1,730","1,760","1,776","1,723","-2,70%"
"10.06.2021","1,778","1,836","1,838","1,762","-3,05%"
"09.06.2021","1,834","1,879","1,879","1,832","-2,29%"
"08.06.2021","1,877","1,860","1,884","1,841","0,81%"
"07.06.2021","1,862","1,829","1,865","1,829","1,86%"
"04.06.2021","1,828","1,850","1,860","1,828","-0,38%"
"03.06.2021","1,835","1,835","1,835","1,835","-0,76%"
"02.06.2021","1,849","1,878","1,886","1,848","-1,54%"
"01.06.2021","1,878","1,894","1,899","1,835","0,64%"
"31.05.2021","1,866","1,911","1,911","1,849","-1,43%"
"28.05.2021","1,893","1,942","1,942","1,886","-1,46%"
"27.05.2021","1,921","1,863","1,955","1,863","3,50%"
"26.05.2021","1,856","1,788","1,856","1,731","3,80%"
"25.05.2021","1,788","1,815","1,822","1,784","-1,97%"
"24.05.2021","1,824","1,876","1,876","1,821","-2,67%"
"21.05.2021","1,874","1,919","1,919","1,839","-1,68%"
"20.05.2021","1,906","1,870","1,942","1,850","1,82%"
"19.05.2021","1,872","1,930","2,002","1,872","-3,06%"
"18.05.2021","1,931","1,974","1,994","1,917","-3,01%"
"17.05.2021","1,991","1,904","2,020","1,904","4,62%"
"14.05.2021","1,903","1,921","1,922","1,853","0,32%"
"13.05.2021","1,897","1,819","1,999","1,819","4,35%"
"12.05.2021","1,818","1,836","1,847","1,790","-0,60%"
"11.05.2021","1,829","1,717","1,829","1,717","6,90%"
"10.05.2021","1,711","1,687","1,725","1,687","1,42%"
"07.05.2021","1,687","1,694","1,719","1,657","-0,35%"
"06.05.2021","1,693","1,692","1,718","1,692","0,47%"
"05.05.2021","1,685","1,690","1,692","1,667","0,12%"
"04.05.2021","1,683","1,723","1,727","1,679","-0,59%"
"03.05.2021","1,693","1,693","1,693","1,693","-1,28%"
"30.04.2021","1,715","1,698","1,738","1,688","0,65%"
"29.04.2021","1,704","1,590","1,753","1,587","7,04%"
"28.04.2021","1,592","1,555","1,592","1,542","2,98%"
"27.04.2021","1,546","1,558","1,562","1,541","-0,64%"
"26.04.2021","1,556","1,566","1,571","1,556","-0,77%"
"23.04.2021","1,568","1,581","1,586","1,557","-0,76%"
"22.04.2021","1,580","1,569","1,584","1,565","0,89%"
"21.04.2021","1,566","1,555","1,588","1,555","0,77%"
"20.04.2021","1,554","1,514","1,563","1,514","2,85%"
"19.04.2021","1,511","1,482","1,514","1,472","2,03%"
"16.04.2021","1,481","1,462","1,490","1,462","1,86%"
"15.04.2021","1,454","1,508","1,508","1,448","-2,87%"
"14.04.2021","1,497","1,506","1,514","1,482","-0,66%"
"13.04.2021","1,507","1,554","1,554","1,503","-2,77%"
"12.04.2021","1,550","1,570","1,570","1,539","-1,65%"
"09.04.2021","1,576","1,602","1,609","1,576","0,51%"
"08.04.2021","1,568","1,567","1,576","1,556","0,06%"
"07.04.2021","1,567","1,551","1,581","1,547","-0,44%"
"06.04.2021","1,574","1,606","1,621","1,574","-1,07%"
"02.04.2021","1,591","1,592","1,592","1,591","-0,81%"
"01.04.2021","1,604","1,576","1,649","1,551","1,84%"
"31.03.2021","1,575","1,595","1,652","1,554","-1,25%"
"30.03.2021","1,595","1,500","1,618","1,500","6,33%"
"29.03.2021","1,500","1,467","1,502","1,458","2,04%"
"26.03.2021","1,470","1,485","1,514","1,470","-0,61%"
"25.03.2021","1,479","1,512","1,535","1,456","-2,31%"
"24.03.2021","1,514","1,504","1,532","1,489","0,66%"
"23.03.2021","1,504","1,483","1,517","1,449","1,35%"
"22.03.2021","1,484","1,509","1,509","1,453","-1,85%"
"19.03.2021","1,512","1,533","1,533","1,488","-1,43%"
"18.03.2021","1,534","1,512","1,561","1,500","1,66%"
"17.03.2021","1,509","1,546","1,546","1,488","-0,66%"
"16.03.2021","1,519","1,513","1,524","1,502","0,46%"
"15.03.2021","1,512","1,559","1,559","1,505","-3,01%"
"12.03.2021","1,559","1,540","1,579","1,492","4,07%"
"11.03.2021","1,498","1,546","1,546","1,448","-3,23%"
"10.03.2021","1,548","1,581","1,581","1,522","-1,71%"
"09.03.2021","1,575","1,623","1,623","1,536","-2,96%"
"08.03.2021","1,623","1,607","1,650","1,593","1,12%"
"05.03.2021","1,605","1,644","1,682","1,596","0,94%"
"04.03.2021","1,590","1,617","1,617","1,564","-1,55%"
"03.03.2021","1,615","1,522","1,621","1,522","6,04%"
"02.03.2021","1,523","1,526","1,548","1,507","-0,65%"
"01.03.2021","1,533","1,612","1,612","1,531","-4,60%"
"26.02.2021","1,607","1,566","1,620","1,532","1,58%"
"25.02.2021","1,582","1,415","1,582","1,415","11,80%"
"24.02.2021","1,415","1,358","1,437","1,343","4,89%"
"23.02.2021","1,349","1,313","1,383","1,313","2,82%"
"22.02.2021","1,312","1,388","1,388","1,312","-2,45%"
"19.02.2021","1,345","1,374","1,374","1,337","-1,03%"
"18.02.2021","1,359","1,338","1,391","1,338","1,49%"
"17.02.2021","1,339","1,386","1,398","1,334","-3,32%"
"16.02.2021","1,385","1,349","1,413","1,343","2,67%"
"15.02.2021","1,349","1,320","1,394","1,320","2,27%"
"12.02.2021","1,319","1,283","1,338","1,283","2,81%"
"11.02.2021","1,283","1,278","1,283","1,255","0,39%"
"10.02.2021","1,278","1,259","1,286","1,258","1,51%"
"09.02.2021","1,259","1,257","1,263","1,231","0,08%"
"08.02.2021","1,258","1,270","1,300","1,258","-0,55%"
"05.02.2021","1,265","1,232","1,295","1,227","2,68%"
"04.02.2021","1,232","1,209","1,232","1,180","1,73%"
"03.02.2021","1,211","1,196","1,211","1,196","1,59%"
"02.02.2021","1,192","1,159","1,192","1,159","3,11%"
"01.02.2021","1,156","1,168","1,169","1,147","-0,43%"
"29.01.2021","1,161","1,179","1,195","1,158","-1,53%"
"28.01.2021","1,179","1,150","1,189","1,146","2,25%"
"27.01.2021","1,153","1,170","1,179","1,143","-0,60%"
"26.01.2021","1,160","1,184","1,193","1,152","-2,03%"
"25.01.2021","1,184","1,224","1,224","1,184","-3,35%"
"22.01.2021","1,225","1,231","1,238","1,207","-1,05%"
"21.01.2021","1,238","1,194","1,252","1,190","3,51%"
"20.01.2021","1,196","1,179","1,200","1,165","1,10%"
"19.01.2021","1,183","1,208","1,208","1,181","-1,25%"
"18.01.2021","1,198","1,195","1,207","1,160","-0,58%"
"15.01.2021","1,205","1,215","1,225","1,203","-0,25%"
"14.01.2021","1,208","1,205","1,208","1,198","-0,17%"
"13.01.2021","1,210","1,227","1,232","1,205","-3,04%"
"12.01.2021","1,248","1,243","1,248","1,231","0,81%"
"11.01.2021","1,238","1,231","1,240","1,224","0,00%"
"08.01.2021","1,238","1,277","1,277","1,238","-2,06%"
"07.01.2021","1,264","1,277","1,282","1,241","1,28%"
"05.01.2021","1,248","1,238","1,248","1,222","1,96%"
"04.01.2021","1,224","1,243","1,243","1,224","-2,24%"
"30.12.2020","1,252","1,265","1,265","1,227","0,08%"
"29.12.2020","1,251","1,243","1,268","1,243","0,97%"
"28.12.2020","1,239","1,277","1,280","1,239","-2,98%"
"24.12.2020","1,277","1,264","1,277","1,262","0,79%"
"23.12.2020","1,267","1,252","1,267","1,238","1,12%"
"22.12.2020","1,253","1,226","1,266","1,224","1,95%"
"21.12.2020","1,229","1,259","1,259","1,214","-3,00%"
"18.12.2020","1,267","1,255","1,296","1,255","1,04%"
"17.12.2020","1,254","1,291","1,291","1,253","-3,61%"
"16.12.2020","1,301","1,282","1,306","1,273","1,96%"
"15.12.2020","1,276","1,318","1,318","1,251","-2,22%"
"14.12.2020","1,305","1,361","1,382","1,303","-2,17%"
"11.12.2020","1,334","1,370","1,405","1,334","-2,98%"
"10.12.2020","1,375","1,371","1,383","1,366","0,07%"
"09.12.2020","1,374","1,386","1,408","1,369","0,37%"
"08.12.2020","1,369","1,369","1,411","1,362","0,00%"
"07.12.2020","1,369","1,428","1,430","1,369","-2,98%"
"04.12.2020","1,411","1,291","1,471","1,291","9,30%"
"03.12.2020","1,291","1,286","1,309","1,254","1,57%"
"02.12.2020","1,271","1,281","1,293","1,255","0,71%"
"01.12.2020","1,262","1,236","1,275","1,225","2,10%"
"30.11.2020","1,236","1,241","1,261","1,225","-0,32%"
"27.11.2020","1,240","1,250","1,271","1,229","1,06%"
"26.11.2020","1,227","1,257","1,273","1,215","-2,39%"
"25.11.2020","1,257","1,240","1,302","1,240","1,37%"
"24.11.2020","1,240","1,240","1,257","1,231","1,56%"
"23.11.2020","1,221","1,196","1,247","1,182","2,78%"
"20.11.2020","1,188","1,181","1,216","1,173","0,42%"
"19.11.2020","1,183","1,172","1,200","1,160","0,68%"
"18.11.2020","1,175","1,183","1,193","1,164","-1,92%"
"17.11.2020","1,198","1,201","1,230","1,196","-0,25%"
"16.11.2020","1,201","1,211","1,225","1,172","-0,33%"
"13.11.2020","1,205","1,232","1,241","1,199","-2,19%"
"12.11.2020","1,232","1,280","1,286","1,232","-2,65%"
"11.11.2020","1,265","1,265","1,265","1,265","-0,59%"
"10.11.2020","1,273","1,247","1,287","1,247","2,09%"
"09.11.2020","1,247","1,161","1,266","1,143","7,31%"
"06.11.2020","1,162","1,148","1,162","1,120","0,35%"
"05.11.2020","1,158","1,136","1,165","1,126","0,70%"
"04.11.2020","1,150","1,173","1,173","1,134","-2,13%"
"03.11.2020","1,175","1,198","1,202","1,174","-1,18%"
"02.11.2020","1,189","1,189","1,196","1,183","0,17%"
"30.10.2020","1,187","1,152","1,188","1,122","3,13%"
"29.10.2020","1,151","1,162","1,173","1,148","-0,95%"
"28.10.2020","1,162","1,180","1,181","1,140","-1,02%"
"27.10.2020","1,174","1,216","1,216","1,174","-3,53%"
"26.10.2020","1,217","1,239","1,239","1,214","-2,17%"
"23.10.2020","1,244","1,259","1,271","1,242","-1,11%"
"22.10.2020","1,258","1,278","1,279","1,243","-1,41%"
"21.10.2020","1,276","1,285","1,297","1,269","0,55%"
"20.10.2020","1,269","1,267","1,279","1,255","0,16%"
"19.10.2020","1,267","1,284","1,297","1,266","-1,32%"
"16.10.2020","1,284","1,266","1,291","1,266","1,42%"
"15.10.2020","1,266","1,268","1,268","1,238","-0,24%"
"14.10.2020","1,269","1,271","1,271","1,258","-0,24%"
"13.10.2020","1,272","1,289","1,292","1,270","-1,55%"
"12.10.2020","1,292","1,311","1,312","1,287","-1,37%"
"09.10.2020","1,310","1,319","1,319","1,297","-1,28%"
"08.10.2020","1,327","1,347","1,347","1,325","-1,41%"
"07.10.2020","1,346","1,354","1,369","1,346","-0,81%"
"06.10.2020","1,357","1,365","1,367","1,354","-0,59%"
"05.10.2020","1,365","1,328","1,365","1,324","2,71%"
"02.10.2020","1,329","1,321","1,329","1,315","0,45%"
"01.10.2020","1,323","1,312","1,331","1,303","0,76%"
"30.09.2020","1,313","1,304","1,313","1,294","0,77%"
"29.09.2020","1,303","1,308","1,311","1,297","-0,08%"
"28.09.2020","1,304","1,304","1,325","1,304","0,00%"
"25.09.2020","1,304","1,339","1,339","1,304","-2,54%"
"24.09.2020","1,338","1,360","1,360","1,330","-1,91%"
"23.09.2020","1,364","1,322","1,381","1,320","2,10%"
"22.09.2020","1,336","1,301","1,351","1,299","2,61%"
"21.09.2020","1,302","1,349","1,349","1,292","-3,70%"
"18.09.2020","1,352","1,371","1,371","1,339","-1,46%"
"17.09.2020","1,372","1,373","1,387","1,363","-0,15%"
"16.09.2020","1,374","1,372","1,381","1,364","0,22%"
"15.09.2020","1,371","1,379","1,379","1,367","0,29%"
"14.09.2020","1,367","1,370","1,372","1,367","-0,44%"
"11.09.2020","1,373","1,388","1,388","1,368","-1,29%"
"10.09.2020","1,391","1,385","1,391","1,373","-0,14%"
"09.09.2020","1,393","1,404","1,406","1,382","-0,43%"
"08.09.2020","1,399","1,421","1,421","1,391","-0,36%"
"07.09.2020","1,404","1,414","1,418","1,404","-0,21%"
"04.09.2020","1,407","1,377","1,409","1,377","2,18%"
"03.09.2020","1,377","1,378","1,391","1,356","-0,43%"
"02.09.2020","1,383","1,372","1,386","1,368","-0,14%"
"01.09.2020","1,385","1,398","1,398","1,376","-0,50%"
"31.08.2020","1,392","1,436","1,438","1,388","-3,33%"
"28.08.2020","1,440","1,374","1,443","1,374","4,73%"
"27.08.2020","1,375","1,348","1,375","1,339","1,85%"
"26.08.2020","1,350","1,365","1,369","1,349","-1,10%"
"25.08.2020","1,365","1,377","1,379","1,359","1,26%"
"24.08.2020","1,348","1,329","1,350","1,329","1,89%"
"21.08.2020","1,323","1,351","1,351","1,315","-2,07%"
"20.08.2020","1,351","1,372","1,372","1,326","-1,17%"
"19.08.2020","1,367","1,380","1,380","1,352","-1,37%"
"18.08.2020","1,386","1,318","1,391","1,316","3,51%"
"17.08.2020","1,339","1,313","1,343","1,307","2,84%"
"14.08.2020","1,302","1,294","1,307","1,285","0,70%"
"13.08.2020","1,293","1,315","1,318","1,280","-2,19%"
"12.08.2020","1,322","1,339","1,368","1,314","-1,64%"
"11.08.2020","1,344","1,266","1,344","1,266","6,16%"
"10.08.2020","1,266","1,301","1,301","1,259","-2,01%"
"07.08.2020","1,292","1,279","1,296","1,275","1,25%"
"06.08.2020","1,276","1,300","1,301","1,275","-1,77%"
"05.08.2020","1,299","1,258","1,299","1,258","3,18%"
"04.08.2020","1,259","1,301","1,301","1,255","-3,60%"
"03.08.2020","1,306","1,279","1,306","1,279","1,63%"
"31.07.2020","1,285","1,289","1,292","1,255","-0,08%"
"30.07.2020","1,286","1,340","1,342","1,283","-4,24%"
"29.07.2020","1,343","1,339","1,348","1,319","0,37%"
"28.07.2020","1,338","1,372","1,372","1,338","-1,47%"
"27.07.2020","1,358","1,364","1,373","1,354","-0,80%"
"24.07.2020","1,369","1,347","1,373","1,347","1,41%"
"23.07.2020","1,350","1,325","1,355","1,325","2,90%"
"22.07.2020","1,312","1,318","1,320","1,302","-0,83%"
"21.07.2020","1,323","1,348","1,348","1,318","-1,27%"
"20.07.2020","1,340","1,319","1,348","1,312","1,59%"
"17.07.2020","1,319","1,336","1,336","1,316","-2,08%"
"16.07.2020","1,347","1,362","1,363","1,338","-1,10%"
"15.07.2020","1,362","1,365","1,372","1,353","-0,51%"
"14.07.2020","1,369","1,405","1,405","1,364","-2,49%"
"13.07.2020","1,404","1,329","1,407","1,321","4,78%"
"10.07.2020","1,340","1,325","1,340","1,318","0,00%"
"09.07.2020","1,340","1,365","1,370","1,340","-1,18%"
"08.07.2020","1,356","1,366","1,369","1,343","-1,02%"
"07.07.2020","1,370","1,362","1,374","1,360","0,00%"
"06.07.2020","1,370","1,359","1,370","1,346","1,03%"
"03.07.2020","1,356","1,355","1,356","1,341","0,07%"
"02.07.2020","1,355","1,412","1,412","1,355","-4,04%"
"01.07.2020","1,412","1,399","1,425","1,399","1,95%"
"30.06.2020","1,385","1,398","1,398","1,379","-0,50%"
"29.06.2020","1,392","1,392","1,407","1,390","1,68%"
"26.06.2020","1,369","1,386","1,392","1,362","-0,80%"
"25.06.2020","1,380","1,395","1,395","1,361","-0,72%"
"24.06.2020","1,390","1,409","1,409","1,384","-0,36%"
"23.06.2020","1,395","1,362","1,404","1,359","2,50%"
"22.06.2020","1,361","1,381","1,384","1,353","-4,36%"
"19.06.2020","1,423","1,431","1,432","1,417","-0,56%"
"18.06.2020","1,431","1,452","1,452","1,424","-1,31%"
"17.06.2020","1,450","1,384","1,459","1,384","4,39%"
"16.06.2020","1,389","1,366","1,396","1,355","2,81%"
"15.06.2020","1,351","1,326","1,355","1,300","0,15%"
"12.06.2020","1,349","1,320","1,353","1,316","-2,35%"
"11.06.2020","1,382","1,382","1,382","1,382","-2,37%"
"10.06.2020","1,415","1,405","1,416","1,400","0,64%"
"09.06.2020","1,406","1,475","1,475","1,405","-5,38%"
"08.06.2020","1,486","1,462","1,504","1,462","1,43%"
"05.06.2020","1,465","1,397","1,472","1,397","5,85%"
"04.06.2020","1,384","1,361","1,389","1,361","2,06%"
"03.06.2020","1,356","1,310","1,356","1,300","4,47%"
"02.06.2020","1,298","1,243","1,312","1,235","4,42%"
"01.06.2020","1,243","1,185","1,249","1,185","4,89%"
"29.05.2020","1,185","1,176","1,199","1,169","0,77%"
"28.05.2020","1,176","1,374","1,403","1,149","-14,04%"
"27.05.2020","1,368","1,427","1,427","1,348","-3,80%"
"26.05.2020","1,422","1,421","1,449","1,421","0,07%"
"25.05.2020","1,421","1,427","1,427","1,415","-1,25%"
"22.05.2020","1,439","1,399","1,442","1,396","2,86%"
"21.05.2020","1,399","1,386","1,399","1,378","1,45%"
"20.05.2020","1,379","1,386","1,433","1,376","-0,51%"
"19.05.2020","1,386","1,336","1,386","1,336","4,13%"
"18.05.2020","1,331","1,304","1,333","1,275","8,21%"
"15.05.2020","1,230","1,262","1,263","1,230","-3,23%"
"14.05.2020","1,271","1,291","1,291","1,258","-4,65%"
"13.05.2020","1,333","1,381","1,409","1,310","-5,80%"
"12.05.2020","1,415","1,502","1,502","1,415","-6,54%"
"11.05.2020","1,514","1,536","1,540","1,513","-1,43%"
"08.05.2020","1,536","1,544","1,548","1,534","-0,58%"
"07.05.2020","1,545","1,567","1,574","1,542","-1,21%"
"06.05.2020","1,564","1,547","1,568","1,545","1,96%"
"05.05.2020","1,534","1,562","1,563","1,533","-0,07%"
"04.05.2020","1,535","1,503","1,539","1,501","6,27%"
"01.05.2020","1,444","1,444","1,444","1,444","-1,33%"
"30.04.2020","1,464","1,484","1,517","1,464","-0,41%"
"29.04.2020","1,470","1,446","1,471","1,445","1,94%"
"28.04.2020","1,442","1,399","1,451","1,399","4,34%"
"27.04.2020","1,382","1,350","1,382","1,350","0,66%"
"24.04.2020","1,373","1,359","1,381","1,358","1,93%"
"23.04.2020","1,347","1,347","1,347","1,347","2,51%"
"22.04.2020","1,314","1,347","1,351","1,310","-1,65%"
"21.04.2020","1,336","1,452","1,454","1,336","-8,05%"
"20.04.2020","1,453","1,433","1,453","1,424","1,47%"
"17.04.2020","1,432","1,368","1,447","1,368","5,76%"
"16.04.2020","1,354","1,396","1,396","1,354","-0,88%"
"15.04.2020","1,366","1,378","1,382","1,363","-3,87%"
"14.04.2020","1,421","1,460","1,460","1,417","-3,40%"
"09.04.2020","1,471","1,560","1,560","1,463","-5,77%"
"08.04.2020","1,561","1,622","1,641","1,557","-3,28%"
"07.04.2020","1,614","1,633","1,633","1,613","-2,71%"
"06.04.2020","1,659","1,696","1,696","1,659","-1,37%"
"03.04.2020","1,682","1,749","1,749","1,682","-5,45%"
"02.04.2020","1,779","1,748","1,787","1,747","3,49%"
"01.04.2020","1,719","1,685","1,719","1,680","2,02%"
"31.03.2020","1,685","1,748","1,749","1,678","-3,55%"
"30.03.2020","1,747","1,816","1,816","1,747","-4,54%"
"27.03.2020","1,830","1,794","1,830","1,745","1,89%"
"26.03.2020","1,796","1,847","1,848","1,767","-2,81%"
"25.03.2020","1,848","1,797","1,969","1,797","2,84%"
"24.03.2020","1,797","1,882","1,887","1,682","-4,67%"
"23.03.2020","1,885","1,958","1,974","1,876","-5,32%"
"20.03.2020","1,991","2,195","2,195","1,989","-8,92%"
"19.03.2020","2,186","2,102","2,236","2,067","10,29%"
"18.03.2020","1,982","1,841","1,982","1,841","9,44%"
"17.03.2020","1,811","2,272","2,272","1,811","-19,90%"
"16.03.2020","2,261","2,251","2,324","2,238","11,16%"
"13.03.2020","2,034","2,034","2,188","2,033","10,97%"
"12.03.2020","1,833","1,715","1,834","1,715","7,01%"
"11.03.2020","1,713","1,567","1,713","1,567","11,09%"
"10.03.2020","1,542","1,529","1,628","1,529","7,53%"
"09.03.2020","1,434","1,570","1,570","1,342","-12,99%"
"06.03.2020","1,648","1,704","1,725","1,626","-3,29%"
"05.03.2020","1,704","1,721","1,781","1,704","-0,93%"
"04.03.2020","1,720","1,711","1,741","1,643","-0,29%"
"03.03.2020","1,725","1,655","1,802","1,654","4,36%"
"02.03.2020","1,653","1,793","1,795","1,652","-7,76%"
"28.02.2020","1,792","1,730","1,820","1,662","1,07%"
"27.02.2020","1,773","1,875","1,875","1,759","-5,54%"
"26.02.2020","1,877","1,903","1,923","1,875","-1,16%"
"25.02.2020","1,899","1,969","1,978","1,899","-4,09%"
"24.02.2020","1,980","2,061","2,066","1,968","-4,26%"
"21.02.2020","2,068","2,114","2,120","2,068","-2,27%"
"20.02.2020","2,116","2,164","2,164","2,108","-1,49%"
"19.02.2020","2,148","2,178","2,188","2,116","-0,92%"
"18.02.2020","2,168","2,198","2,202","2,161","-1,86%"
"17.02.2020","2,209","2,201","2,222","2,196","0,91%"
"14.02.2020","2,189","2,231","2,239","2,178","-1,62%"
"13.02.2020","2,225","2,168","2,245","2,165","2,91%"
"12.02.2020","2,162","2,139","2,162","2,138","2,27%"
"11.02.2020","2,114","2,077","2,130","2,075","2,32%"
"10.02.2020","2,066","2,084","2,092","2,064","-0,86%"
"07.02.2020","2,084","2,143","2,144","2,074","-2,66%"
"06.02.2020","2,141","2,217","2,217","2,141","-2,86%"
"05.02.2020","2,204","2,191","2,230","2,191","0,73%"
"04.02.2020","2,188","2,159","2,203","2,158","1,39%"
"03.02.2020","2,158","2,132","2,173","2,121","1,22%"
"31.01.2020","2,132","2,187","2,219","2,129","-1,98%"
"30.01.2020","2,175","2,214","2,223","2,173","-2,38%"
"29.01.2020","2,228","2,251","2,256","2,210","-1,33%"
"28.01.2020","2,258","2,235","2,262","2,205","1,90%"
"27.01.2020","2,216","2,246","2,246","2,214","-2,21%"
"24.01.2020","2,266","2,286","2,305","2,266","0,40%"
"23.01.2020","2,257","2,247","2,290","2,240","-0,53%"
"22.01.2020","2,269","2,285","2,300","2,262","-0,66%"
"21.01.2020","2,284","2,352","2,355","2,284","-3,22%"
"20.01.2020","2,360","2,352","2,368","2,322","1,24%"
"17.01.2020","2,331","2,289","2,347","2,268","1,52%"
"16.01.2020","2,296","2,248","2,314","2,244","2,64%"
"15.01.2020","2,237","2,275","2,275","2,218","-1,93%"
"14.01.2020","2,281","2,348","2,348","2,275","-2,85%"
"13.01.2020","2,348","2,267","2,363","2,267","3,57%"
"10.01.2020","2,267","2,275","2,293","2,247","-0,31%"
"09.01.2020","2,274","2,238","2,299","2,210","2,90%"
"08.01.2020","2,210","2,182","2,243","2,182","1,05%"
"07.01.2020","2,187","2,067","2,200","2,067","6,01%"
"06.01.2020","2,063","2,063","2,063","2,063","-0,53%"
"03.01.2020","2,074","2,086","2,096","2,068","-2,45%"
"02.01.2020","2,126","2,119","2,161","2,113","3,38%"
"01.01.2020","2,056","2,056","2,056","2,056","0,00%"